Time,Heart Rate
06:59:54,62
07:00:09,62
07:00:24,62
07:00:39,62
07:00:54,62
07:01:09,62
07:01:24,62
07:01:39,62
07:01:54,62
07:02:09,62
07:02:19,60
07:02:34,59
07:02:49,59
07:02:59,58
07:03:14,58
07:03:29,58
07:03:39,60
07:03:44,61
07:03:59,61
07:04:14,60
07:04:19,60
07:04:29,60
07:04:39,60
07:04:54,60
07:05:09,60
07:05:19,61
07:05:24,66
07:05:29,69
07:05:34,70
07:05:49,70
07:05:54,70
07:06:09,70
07:06:14,70
07:06:29,69
07:06:44,69
07:06:59,69
07:07:09,69
07:07:14,67
07:07:24,66
07:07:29,65
07:07:44,65
07:07:59,65
07:08:09,68
07:08:14,72
07:08:19,75
07:08:24,77
07:08:34,81
07:08:39,84
07:08:44,85
07:08:54,87
07:08:59,91
07:09:04,92
07:09:09,96
07:09:14,100
07:09:19,102
07:09:34,102
07:09:49,102
07:10:04,103
07:10:19,105
07:10:24,112
07:10:29,115
07:10:39,117
07:10:44,117
07:10:49,118
07:10:54,119
07:11:09,119
07:11:14,120
07:11:29,120
07:11:44,120
07:11:59,119
07:12:04,116
07:12:09,110
07:12:14,105
07:12:19,104
07:12:24,101
07:12:29,97
07:12:44,97
07:12:49,110
07:12:54,111
07:13:09,111
07:13:14,111
07:13:29,111
07:13:39,110
07:13:44,109
07:13:59,109
07:14:09,109
07:14:24,109
07:14:34,107
07:14:39,101
07:14:44,95
07:14:49,89
07:14:54,82
07:14:59,74
07:15:04,69
07:15:14,69
07:15:29,69
07:15:44,69
07:17:25,69
07:17:30,70
07:17:40,72
07:17:45,81
07:17:50,83
07:17:55,84
07:18:00,85
07:18:10,86
07:18:20,86
07:18:25,86
07:18:30,87
07:18:40,92
07:18:45,93
07:18:55,92
07:19:10,92
07:20:26,88
07:20:36,89
07:20:41,90
07:20:56,90
07:21:06,91
07:21:11,95
07:21:26,95
07:21:36,95
07:21:51,95
07:21:56,95
07:22:11,95
07:22:26,95
07:22:36,99
07:22:41,100
07:22:51,101
07:22:56,102
07:23:11,102
07:23:26,100
07:23:36,102
07:23:51,102
07:23:56,102
07:24:06,102
07:24:21,102
07:24:26,102
07:24:41,102
07:24:56,102
07:25:11,102
07:25:17,102
07:25:32,102
07:25:47,102
07:25:57,101
07:26:12,97
07:26:17,91
07:26:22,88
07:26:27,86
07:26:32,82
07:26:37,83
07:26:42,84
07:26:47,83
07:26:52,84
07:26:57,85
07:27:02,86
07:27:07,87
07:27:12,88
07:27:27,89
07:27:37,87
07:27:42,85
07:27:57,85
07:28:12,85
07:28:17,84
07:28:22,83
07:28:27,84
07:28:32,84
07:28:42,83
07:28:47,82
07:28:52,81
07:29:07,79
07:29:12,77
07:29:17,78
07:29:22,79
07:29:37,79
07:29:42,78
07:29:47,76
07:29:52,75
07:30:02,73
07:30:17,73
07:30:22,70
07:30:27,68
07:30:32,67
07:30:47,66
07:30:52,66
07:30:57,66
07:31:12,66
07:31:17,66
07:31:22,66
07:31:27,67
07:31:32,68
07:31:37,69
07:31:42,70
07:31:47,71
07:31:52,73
07:31:57,77
07:32:02,78
07:32:17,78
07:32:27,81
07:32:42,81
07:32:52,78
07:33:07,78
07:33:12,77
07:33:27,77
07:33:42,77
07:33:57,78
07:34:12,78
07:34:27,78
07:34:42,78
07:34:57,78
07:35:12,78
07:35:27,78
07:35:42,78
07:35:57,78
07:36:12,78
07:36:17,77
07:36:22,78
07:36:27,80
07:36:32,79
07:36:47,79
07:37:02,79
07:37:12,79
07:37:17,79
07:37:32,79
07:37:47,79
07:38:02,79
07:38:17,79
07:38:32,79
07:38:47,79
07:39:02,79
07:39:12,79
07:39:17,79
07:39:22,78
07:39:37,78
07:39:52,78
07:39:57,81
07:40:02,83
07:40:17,83
07:40:32,83
07:40:37,82
07:40:47,85
07:40:52,87
07:40:57,89
07:41:07,87
07:41:12,86
07:41:17,85
07:41:27,86
07:41:32,86
07:41:47,87
07:41:52,87
07:42:07,87
07:42:12,88
07:42:27,88
07:42:37,92
07:42:52,90
07:43:07,90
07:43:22,90
07:43:37,90
07:43:52,89
07:44:07,89
07:44:22,88
07:44:27,86
07:44:42,86
07:44:47,86
07:44:52,85
07:44:57,84
07:45:02,82
07:45:12,81
07:45:17,80
07:45:32,78
07:45:47,78
07:46:02,78
07:46:17,76
07:46:22,76
07:46:37,76
07:46:42,74
07:46:47,73
07:47:02,73
07:47:07,73
07:47:22,73
07:47:32,74
07:47:47,74
07:48:02,74
07:48:17,74
07:48:32,73
07:48:37,72
07:48:47,71
07:48:52,70
07:48:57,69
07:49:02,69
07:49:07,69
07:49:12,69
07:49:17,71
07:49:22,72
07:49:37,72
07:49:52,72
07:50:07,72
07:50:17,73
07:50:32,74
07:50:37,75
07:50:42,76
07:50:57,76
07:51:07,75
07:51:12,75
07:51:27,75
07:51:42,74
07:51:47,73
07:51:57,73
07:52:07,72
07:52:17,70
07:52:22,68
07:52:37,68
07:52:42,69
07:52:47,72
07:52:52,71
07:52:57,69
07:53:07,70
07:53:12,72
07:53:17,73
07:53:22,74
07:53:27,78
07:53:32,73
07:53:37,71
07:53:52,71
07:54:07,71
07:54:12,71
07:54:27,71
07:54:42,71
07:54:52,72
07:54:57,72
07:55:02,72
07:55:07,74
07:55:12,73
07:55:27,73
07:55:32,71
07:55:42,72
07:55:47,71
07:55:52,70
07:56:02,71
07:56:12,71
07:56:17,72
07:56:22,72
07:56:37,72
07:56:47,74
07:56:57,71
07:57:02,68
07:57:07,69
07:57:12,74
07:57:27,73
07:57:32,72
07:57:37,73
07:57:47,74
07:57:52,75
07:58:07,75
07:58:12,74
07:58:17,73
07:58:27,73
07:58:32,73
07:58:47,73
07:59:02,73
07:59:17,73
07:59:32,73
07:59:37,72
07:59:42,71
07:59:47,70
07:59:57,71
08:00:07,72
08:00:22,72
08:00:37,73
08:00:47,73
08:01:02,73
08:01:12,74
08:01:17,72
08:01:22,71
08:01:27,70
08:01:42,68
08:01:57,70
08:02:02,71
08:02:17,71
08:02:22,72
08:02:27,83
08:02:32,87
08:02:37,86
08:02:42,85
08:02:57,85
08:03:02,84
08:03:07,83
08:03:12,82
08:03:22,81
08:03:27,82
08:03:32,79
08:03:37,77
08:03:52,77
08:04:02,78
08:04:07,79
08:04:12,78
08:04:17,77
08:04:22,77
08:04:27,73
08:04:32,71
08:04:37,76
08:04:42,76
08:04:57,77
08:05:07,76
08:05:12,73
08:05:17,73
08:05:22,75
08:05:37,76
08:05:42,79
08:05:47,80
08:05:52,80
08:06:02,79
08:06:07,77
08:06:12,78
08:06:17,80
08:06:22,81
08:06:27,80
08:06:42,80
08:06:52,80
08:06:57,80
08:07:12,80
08:07:17,79
08:07:22,78
08:07:37,77
08:07:42,74
08:07:52,78
08:07:57,78
08:08:02,75
08:08:07,74
08:08:17,75
08:08:22,76
08:08:27,76
08:08:32,78
08:08:37,80
08:08:52,80
08:08:57,78
08:09:02,76
08:09:07,75
08:09:22,75
08:09:37,75
08:09:42,76
08:09:52,78
08:09:57,79
08:10:07,80
08:10:12,81
08:10:27,81
08:10:32,84
08:10:47,84
08:11:02,84
08:11:12,84
08:11:17,84
08:11:27,86
08:11:32,86
08:11:47,86
08:12:02,86
08:12:17,86
08:12:32,86
08:12:47,86
08:13:02,86
08:13:17,86
08:13:32,86
08:13:37,86
08:13:52,86
08:14:07,87
08:14:12,88
08:14:27,88
08:14:42,88
08:14:57,88
08:15:12,88
08:15:27,88
08:15:37,88
08:15:52,88
08:15:57,89
08:16:07,89
08:16:22,89
08:16:27,89
08:16:42,89
08:16:57,89
08:17:12,90
08:17:17,89
08:17:22,89
08:17:32,90
08:17:47,90
08:18:02,90
08:18:17,90
08:18:32,90
08:18:47,90
08:19:02,90
08:19:12,90
08:19:27,90
08:19:37,90
08:19:42,90
08:19:52,90
08:19:57,90
08:20:07,89
08:20:12,88
08:20:27,87
08:20:42,87
08:20:57,87
08:21:12,87
08:21:27,87
08:21:42,87
08:21:52,86
08:21:57,85
08:22:12,85
08:22:27,85
08:22:37,83
08:22:52,83
08:23:07,83
08:23:12,82
08:23:27,82
08:23:42,82
08:23:57,82
08:24:12,82
08:24:27,82
08:24:42,82
08:24:52,84
08:24:57,85
08:25:02,85
08:25:17,85
08:25:27,85
08:25:42,85
08:25:57,85
08:26:12,85
08:26:17,86
08:26:32,86
08:26:47,86
08:27:02,86
08:27:17,86
08:27:32,86
08:27:47,86
08:28:02,86
08:28:17,86
08:28:22,86
08:28:37,86
08:28:47,86
08:29:02,86
08:29:17,83
08:29:22,82
08:29:27,83
08:29:37,83
08:29:42,83
08:29:57,82
08:30:12,83
08:30:27,83
08:30:32,83
08:30:47,83
08:31:02,83
08:31:17,83
08:31:32,83
08:31:42,83
08:31:57,83
08:32:12,83
08:32:27,83
08:32:42,83
08:32:47,82
08:32:52,81
08:32:57,78
08:33:02,71
08:33:17,71
08:33:32,71
08:33:47,71
08:34:02,72
08:34:07,73
08:34:12,74
08:34:17,73
08:34:32,73
08:34:47,73
08:34:52,74
08:35:02,73
08:35:07,74
08:35:22,74
08:35:27,72
08:35:42,72
08:35:57,72
08:36:02,74
08:36:07,75
08:36:12,75
08:36:17,76
08:36:22,76
08:36:32,75
08:36:47,74
08:36:52,73
08:37:07,73
08:37:12,72
08:37:17,70
08:37:22,70
08:37:32,71
08:37:47,71
08:37:52,71
08:38:02,72
08:38:07,73
08:38:12,74
08:38:27,74
08:38:42,75
08:38:47,73
08:39:02,73
08:39:03,73
08:39:18,68
08:39:23,66
08:39:28,67
08:39:33,69
08:39:38,70
08:39:53,70
08:40:03,72
08:40:08,74
08:40:18,73
08:40:33,73
08:40:48,73
08:41:03,72
08:41:08,71
08:41:18,71
08:41:33,72
08:41:38,71
08:41:43,73
08:41:48,75
08:41:53,74
08:41:58,73
08:42:03,71
08:42:18,71
08:42:33,71
08:42:38,69
08:42:43,68
08:42:58,67
08:43:03,67
08:43:13,68
08:43:18,68
08:43:33,68
08:43:43,67
08:43:58,66
08:44:03,65
08:44:13,66
08:44:28,67
08:44:33,68
08:44:43,65
08:44:58,65
08:45:13,65
08:45:18,64
08:45:23,63
08:45:28,64
08:45:33,65
08:45:48,65
08:45:58,66
08:46:03,67
08:46:08,67
08:46:13,66
08:46:18,67
08:46:33,67
08:46:38,68
08:46:43,67
08:46:58,67
08:47:03,67
08:47:18,67
08:47:33,67
08:47:48,67
08:47:53,68
08:48:08,68
08:48:13,68
08:48:18,70
08:48:23,68
08:48:28,66
08:48:33,65
08:48:38,66
08:48:43,66
08:48:58,66
08:49:13,66
08:49:23,65
08:49:38,65
08:49:53,65
08:49:58,65
08:50:08,65
08:50:23,65
08:50:38,65
08:50:53,65
08:51:08,65
08:51:23,65
08:51:38,65
08:51:48,66
08:51:53,67
08:52:08,67
08:52:18,68
08:52:23,69
08:52:28,68
08:52:43,69
08:52:48,71
08:53:03,68
08:53:08,65
08:53:13,64
08:53:28,64
08:53:38,65
08:53:43,64
08:53:48,64
08:53:53,65
08:53:58,64
08:54:13,64
08:54:23,65
08:54:33,66
08:54:38,66
08:54:43,65
08:54:58,65
08:55:03,65
08:55:18,65
08:55:33,65
08:55:48,65
08:56:03,65
08:56:08,65
08:56:23,65
08:56:28,66
08:56:38,66
08:56:43,67
08:56:48,68
08:56:53,67
08:57:08,65
08:57:13,64
08:57:28,64
08:57:33,64
08:57:38,65
08:57:43,62
08:57:48,61
08:57:58,62
08:58:03,62
08:58:08,63
08:58:13,62
08:58:23,62
08:58:33,63
08:58:38,64
08:58:43,63
08:58:48,62
08:58:58,62
08:59:08,62
08:59:23,62
08:59:28,63
08:59:33,63
08:59:38,62
08:59:48,60
09:00:03,61
09:00:08,62
09:00:13,61
09:00:18,60
09:00:28,61
09:00:33,62
09:00:43,62
09:00:58,60
09:01:03,59
09:01:08,60
09:01:18,61
09:01:28,60
09:01:33,61
09:01:48,61
09:01:53,62
09:02:08,62
09:02:18,62
09:02:23,63
09:02:33,64
09:02:38,64
09:02:43,63
09:02:58,63
09:03:03,64
09:03:13,63
09:03:18,60
09:03:23,59
09:03:28,60
09:03:38,57
09:03:43,55
09:03:58,55
09:04:08,60
09:04:13,62
09:04:18,63
09:04:23,64
09:04:28,64
09:04:43,64
09:04:53,65
09:05:08,64
09:05:18,63
09:05:33,63
09:05:48,63
09:05:58,62
09:06:08,61
09:06:18,62
09:06:33,63
09:06:48,63
09:06:53,64
09:07:08,64
09:07:23,64
09:07:28,63
09:07:38,62
09:07:43,62
09:07:58,62
09:08:13,62
09:08:23,63
09:08:28,64
09:08:33,65
09:08:38,66
09:08:53,65
09:09:08,65
09:09:18,64
09:09:23,63
09:09:28,62
09:09:33,63
09:09:48,64
09:09:53,64
09:10:08,65
09:10:13,68
09:10:18,65
09:10:23,63
09:10:28,63
09:10:43,63
09:10:58,63
09:11:13,63
09:11:23,63
09:11:38,63
09:11:48,62
09:12:03,63
09:12:08,63
09:12:23,63
09:12:28,64
09:12:43,64
09:12:48,66
09:12:53,67
09:13:03,69
09:13:08,70
09:13:23,71
09:13:38,71
09:13:48,70
09:13:58,69
09:14:08,68
09:14:18,66
09:14:23,67
09:14:33,68
09:14:38,69
09:14:43,69
09:14:48,70
09:14:58,68
09:15:03,67
09:15:18,68
09:15:23,73
09:15:28,74
09:15:33,71
09:15:38,67
09:15:43,64
09:15:48,64
09:15:53,65
09:15:58,66
09:16:03,67
09:16:13,66
09:16:18,63
09:16:23,60
09:16:28,61
09:16:38,62
09:16:48,64
09:16:53,67
09:17:03,64
09:17:18,64
09:17:23,63
09:17:28,64
09:17:33,63
09:17:38,64
09:17:43,63
09:17:48,63
09:17:53,64
09:18:08,63
09:18:13,63
09:18:18,63
09:18:28,63
09:18:33,63
09:18:43,62
09:18:58,62
09:19:03,61
09:19:08,60
09:19:13,61
09:19:18,60
09:19:23,59
09:19:28,60
09:19:33,61
09:19:38,60
09:19:43,61
09:19:48,62
09:19:53,65
09:20:03,64
09:20:18,63
09:20:23,62
09:20:38,62
09:20:48,63
09:20:58,64
09:21:13,64
09:21:23,63
09:21:33,62
09:21:43,63
09:21:53,61
09:21:58,60
09:22:03,61
09:22:08,62
09:22:13,60
09:22:18,61
09:22:23,61
09:22:33,60
09:22:38,61
09:22:43,61
09:22:48,61
09:22:53,60
09:23:03,61
09:23:08,61
09:23:13,60
09:23:23,61
09:23:28,60
09:23:33,63
09:23:38,62
09:23:53,62
09:23:58,63
09:24:08,61
09:24:13,60
09:24:18,58
09:24:23,57
09:24:28,58
09:24:43,59
09:24:48,58
09:24:53,56
09:25:08,56
09:25:13,57
09:25:28,57
09:25:43,57
09:25:48,58
09:25:53,59
09:25:58,60
09:26:03,61
09:26:18,61
09:26:23,60
09:26:28,59
09:26:43,58
09:26:48,59
09:27:03,58
09:27:08,57
09:27:23,56
09:27:33,55
09:27:38,54
09:27:43,54
09:27:48,55
09:27:58,54
09:28:08,54
09:28:13,55
09:28:23,54
09:28:38,55
09:28:43,54
09:28:58,54
09:29:03,55
09:29:08,54
09:29:23,53
09:29:28,54
09:29:33,55
09:29:43,55
09:29:58,54
09:30:03,54
09:30:08,55
09:30:13,55
09:30:18,54
09:30:33,53
09:30:43,54
09:30:48,53
09:30:53,54
09:30:58,53
09:31:03,54
09:31:18,54
09:31:33,54
09:31:48,54
09:31:53,57
09:31:58,56
09:32:03,57
09:32:13,58
09:32:18,57
09:32:33,58
09:32:48,58
09:33:03,57
09:33:13,56
09:33:18,55
09:33:23,54
09:33:28,54
09:33:33,53
09:33:38,55
09:33:43,56
09:33:48,55
09:33:53,56
09:33:58,55
09:34:03,54
09:34:13,55
09:34:18,56
09:34:28,57
09:34:38,58
09:34:43,61
09:34:48,58
09:34:53,58
09:35:03,56
09:35:08,57
09:35:13,56
09:35:18,55
09:35:28,57
09:35:33,57
09:35:48,55
09:35:53,54
09:35:58,56
09:36:03,59
09:36:08,57
09:36:13,56
09:36:18,58
09:36:23,59
09:36:28,57
09:36:38,56
09:36:43,56
09:36:58,56
09:37:03,57
09:37:08,58
09:37:18,56
09:37:23,55
09:37:28,55
09:37:33,54
09:37:43,55
09:37:48,54
09:37:53,56
09:37:58,56
09:38:08,55
09:38:13,54
09:38:18,55
09:38:33,55
09:38:38,54
09:38:43,53
09:38:48,54
09:38:53,55
09:38:58,55
09:39:03,56
09:39:13,58
09:39:18,57
09:39:23,56
09:39:28,57
09:39:33,56
09:39:43,55
09:39:58,53
09:40:13,54
09:40:23,53
09:40:28,52
09:40:33,53
09:40:48,53
09:40:53,54
09:41:08,53
09:41:23,54
09:41:28,55
09:41:43,55
09:41:48,57
09:41:53,57
09:42:08,56
09:42:23,55
09:42:28,56
09:42:33,57
09:42:38,56
09:42:43,55
09:42:48,56
09:42:53,57
09:42:58,58
09:43:03,57
09:43:08,54
09:43:13,56
09:43:23,55
09:43:38,55
09:43:53,55
09:43:58,55
09:44:13,55
09:44:23,56
09:44:28,59
09:44:33,61
09:44:43,60
09:44:48,61
09:44:53,60
09:44:58,61
09:45:03,62
09:45:18,61
09:45:23,61
09:45:28,60
09:45:33,56
09:45:38,57
09:45:43,60
09:45:48,61
09:45:53,59
09:46:03,59
09:46:08,60
09:46:13,62
09:46:18,61
09:46:23,57
09:46:28,60
09:46:33,63
09:46:38,62
09:46:43,62
09:46:48,61
09:46:53,59
09:46:58,63
09:47:03,64
09:47:08,59
09:47:13,56
09:47:18,56
09:47:28,55
09:47:33,54
09:47:38,55
09:47:43,56
09:47:58,55
09:48:03,56
09:48:08,55
09:48:13,56
09:48:23,58
09:48:28,64
09:48:33,65
09:48:38,64
09:48:43,62
09:48:48,59
09:48:53,62
09:49:03,60
09:49:08,58
09:49:13,59
09:49:18,57
09:49:23,56
09:49:33,55
09:49:38,57
09:49:43,58
09:49:48,59
09:50:03,59
09:50:13,60
09:50:18,63
09:50:23,63
09:50:28,62
09:50:38,61
09:50:43,60
09:50:48,62
09:50:58,62
09:51:03,62
09:51:18,62
09:51:23,62
09:51:33,61
09:51:43,62
09:51:58,62
09:52:08,62
09:52:14,61
09:52:24,62
09:52:34,64
09:52:39,62
09:52:54,62
09:53:09,62
09:53:14,61
09:53:29,61
09:53:44,61
09:53:49,61
09:53:54,63
09:53:59,64
09:54:04,64
09:54:14,66
09:54:19,67
09:54:34,66
09:54:39,67
09:54:54,67
09:55:09,67
09:55:19,67
09:55:34,67
09:55:39,68
09:55:49,69
09:56:04,69
09:56:19,69
09:56:34,69
09:56:40,69
09:56:55,69
09:57:00,68
09:57:15,68
09:57:30,69
09:57:35,70
09:57:40,71
09:57:55,71
09:58:05,70
09:58:20,71
09:58:35,71
09:58:45,72
09:59:00,72
09:59:05,70
09:59:15,68
09:59:20,67
09:59:35,67
09:59:50,67
10:00:05,66
10:00:10,65
10:00:25,65
10:00:30,65
10:00:45,65
10:01:00,65
10:01:05,65
10:01:10,67
10:01:15,69
10:01:20,69
10:01:25,70
10:01:40,70
10:01:50,69
10:02:00,69
10:02:10,68
10:02:15,67
10:02:20,68
10:02:35,69
10:02:45,68
10:03:00,68
10:03:10,67
10:03:20,66
10:03:25,66
10:03:40,66
10:03:50,65
10:03:55,66
10:04:00,65
10:04:05,66
10:04:20,66
10:04:25,67
10:04:35,69
10:04:40,68
10:04:45,65
10:04:50,62
10:04:55,57
10:05:00,55
10:05:05,55
10:05:10,53
10:05:15,54
10:05:25,53
10:05:30,52
10:05:45,53
10:05:55,51
10:06:00,54
10:06:05,62
10:06:20,62
10:06:25,63
10:06:40,63
10:06:45,59
10:07:00,60
10:07:05,65
10:07:15,66
10:07:30,66
10:07:40,65
10:07:45,64
10:07:50,64
10:08:05,64
10:08:20,64
10:08:35,64
10:08:50,64
10:09:05,62
10:09:10,61
10:09:15,61
10:09:20,61
10:09:35,61
10:09:45,62
10:09:55,59
10:10:00,60
10:10:05,62
10:10:15,63
10:10:30,65
10:10:45,65
10:10:50,64
10:10:55,63
10:11:05,64
10:11:20,64
10:11:30,62
10:11:35,61
10:11:40,61
10:11:50,60
10:12:00,61
10:12:10,60
10:12:15,59
10:12:20,58
10:12:30,57
10:12:35,56
10:12:45,57
10:12:50,56
10:13:00,57
10:13:06,59
10:13:21,59
10:13:36,58
10:13:41,57
10:13:46,58
10:13:56,59
10:14:01,60
10:14:16,61
10:14:21,60
10:14:36,58
10:14:41,56
10:14:51,54
10:14:56,55
10:15:01,56
10:15:06,57
10:15:11,58
10:15:21,57
10:15:36,57
10:15:46,57
10:16:01,57
10:16:11,57
10:16:16,57
10:16:21,58
10:16:26,59
10:16:31,60
10:16:36,61
10:16:41,60
10:16:46,60
10:16:51,61
10:16:56,60
10:17:06,61
10:17:11,62
10:17:26,62
10:17:36,63
10:17:46,62
10:18:01,62
10:18:16,62
10:18:21,63
10:18:26,64
10:18:31,63
10:18:36,62
10:18:46,61
10:18:56,59
10:19:06,57
10:19:21,59
10:19:26,64
10:19:41,64
10:19:56,64
10:20:11,64
10:20:26,64
10:20:31,65
10:20:36,66
10:20:41,65
10:20:46,64
10:20:51,63
10:20:56,60
10:21:06,61
10:21:16,62
10:21:26,63
10:21:41,62
10:21:51,63
10:21:56,62
10:22:01,61
10:22:06,62
10:22:16,63
10:22:31,63
10:22:36,64
10:22:51,64
10:23:06,63
10:23:21,63
10:23:31,62
10:23:36,63
10:23:51,63
10:23:56,64
10:24:06,63
10:24:21,63
10:24:36,64
10:24:41,64
10:24:48,64
10:25:03,63
10:25:08,62
10:25:13,61
10:25:23,62
10:25:33,63
10:25:43,62
10:25:48,61
10:25:53,60
10:26:08,60
10:26:23,60
10:26:33,58
10:26:38,59
10:26:48,60
10:26:53,59
10:27:03,60
10:27:18,61
10:27:28,62
10:27:38,63
10:27:43,64
10:27:58,63
10:28:08,64
10:28:23,64
10:28:28,65
10:28:38,66
10:28:43,65
10:28:53,64
10:28:58,64
10:29:03,63
10:29:08,62
10:29:23,61
10:29:33,62
10:29:38,61
10:29:48,60
10:29:58,59
10:30:08,60
10:30:23,60
10:30:28,61
10:30:33,62
10:30:43,63
10:30:48,64
10:30:58,63
10:31:13,65
10:31:18,67
10:31:23,68
10:31:33,67
10:31:38,65
10:31:43,64
10:31:48,63
10:32:03,63
10:32:18,62
10:32:23,61
10:32:28,59
10:32:38,60
10:32:43,60
10:32:48,61
10:32:53,60
10:32:58,61
10:33:13,62
10:33:18,63
10:33:28,62
10:33:33,61
10:33:43,62
10:33:48,64
10:33:53,65
10:33:58,64
10:34:03,63
10:34:08,64
10:34:23,64
10:34:33,63
10:34:48,62
10:35:03,62
10:35:13,61
10:35:18,62
10:35:33,61
10:35:48,61
10:36:03,61
10:36:18,61
10:36:23,63
10:36:28,64
10:36:33,63
10:36:38,63
10:36:53,63
10:37:03,64
10:37:18,64
10:37:33,64
10:37:43,64
10:37:58,64
10:38:03,64
10:38:08,65
10:38:23,65
10:38:38,65
10:38:53,65
10:39:03,63
10:39:08,61
10:39:18,62
10:39:23,61
10:39:28,60
10:39:33,58
10:39:43,57
10:39:58,57
10:40:13,58
10:40:28,60
10:40:38,59
10:40:43,58
10:40:48,57
10:40:53,59
10:40:58,60
10:41:03,61
10:41:08,62
10:41:13,63
10:41:18,62
10:41:23,61
10:41:38,61
10:41:48,60
10:41:53,57
10:41:58,59
10:42:08,59
10:42:13,60
10:42:18,61
10:42:33,60
10:42:43,61
10:42:53,62
10:43:08,62
10:43:18,63
10:43:33,63
10:43:48,64
10:43:53,67
10:43:58,71
10:44:03,72
10:44:13,73
10:44:18,75
10:44:23,76
10:44:28,77
10:44:38,80
10:44:43,82
10:44:48,84
10:44:53,86
10:44:58,88
10:45:03,90
10:45:08,91
10:45:13,92
10:45:18,93
10:45:23,95
10:45:38,95
10:45:53,95
10:46:08,95
10:46:23,95
10:46:38,95
10:46:43,94
10:46:48,92
10:46:53,90
10:47:03,88
10:47:08,84
10:47:13,83
10:47:18,79
10:47:23,75
10:47:28,73
10:47:33,72
10:47:38,71
10:47:43,70
10:47:48,68
10:47:53,68
10:48:08,68
10:48:23,67
10:48:28,66
10:48:43,66
10:48:58,66
10:49:13,63
10:49:18,60
10:49:33,66
10:49:48,66
10:50:03,65
10:50:18,65
10:50:28,65
10:50:38,66
10:50:53,66
10:51:08,65
10:51:18,66
10:51:23,66
10:51:28,67
10:51:33,66
10:51:43,67
10:51:48,66
10:51:53,64
10:52:08,61
10:52:13,59
10:52:28,59
10:52:43,59
10:52:48,59
10:53:03,59
10:53:08,59
10:53:13,58
10:53:18,57
10:53:23,56
10:53:28,57
10:53:43,57
10:53:53,56
10:54:08,54
10:54:13,55
10:54:28,56
10:54:33,56
10:54:38,56
10:54:43,57
10:54:58,58
10:55:03,59
10:55:08,61
10:55:13,62
10:55:28,63
10:55:38,63
10:55:48,61
10:56:03,61
10:56:18,61
10:56:28,61
10:56:43,61
10:56:58,61
10:57:03,63
10:57:08,63
10:57:18,63
10:57:23,64
10:57:38,64
10:57:43,63
10:57:48,62
10:57:58,61
10:58:03,60
10:58:08,58
10:58:13,58
10:58:28,58
10:58:33,59
10:58:38,59
10:58:43,60
10:58:48,62
10:58:53,68
10:58:58,69
10:59:03,69
10:59:08,69
10:59:13,67
10:59:18,63
10:59:33,63
10:59:43,63
10:59:48,62
10:59:58,62
11:00:13,62
11:00:18,62
11:00:23,62
11:00:33,62
11:00:43,62
11:00:53,60
11:01:03,65
11:01:08,67
11:01:23,67
11:01:33,73
11:01:38,74
11:01:48,71
11:02:03,71
11:02:18,71
11:02:23,72
11:02:33,75
11:02:48,75
11:02:58,75
11:03:13,75
11:03:28,74
11:03:38,72
11:03:43,71
11:03:48,70
11:03:53,69
11:03:58,68
11:04:08,69
11:04:23,69
11:04:28,71
11:04:33,73
11:04:48,73
11:05:03,73
11:05:08,73
11:05:18,73
11:05:28,73
11:05:43,73
11:05:58,73
11:06:13,73
11:06:28,73
11:06:43,73
11:06:48,72
11:06:58,73
11:07:03,74
11:07:18,74
11:07:28,74
11:07:43,74
11:07:48,76
11:08:03,76
11:08:18,76
11:08:28,74
11:08:33,73
11:08:38,74
11:08:43,74
11:08:58,74
11:09:03,73
11:09:08,72
11:09:13,71
11:09:18,71
11:09:28,71
11:09:43,71
11:09:53,72
11:10:08,72
11:10:23,72
11:10:38,72
11:10:43,72
11:10:53,72
11:10:58,72
11:11:13,71
11:11:18,68
11:11:23,69
11:11:38,69
11:11:48,68
11:12:03,68
11:12:18,68
11:12:33,68
11:12:48,68
11:13:03,68
11:14:00,63
11:14:05,64
11:14:10,62
11:14:25,62
11:14:35,63
11:14:45,64
11:15:00,63
11:15:05,65
11:15:10,64
11:15:15,62
11:15:30,61
11:15:35,61
11:15:45,62
11:15:50,62
11:16:05,62
11:16:10,61
11:16:15,60
11:16:20,61
11:16:35,61
11:16:40,61
11:16:55,61
11:17:05,60
11:17:10,59
11:17:15,60
11:17:30,60
11:17:45,60
11:17:50,60
11:18:05,60
11:18:10,59
11:18:15,56
11:18:30,56
11:18:40,56
11:18:50,57
11:18:55,59
11:19:05,58
11:19:20,59
11:19:25,60
11:19:30,59
11:19:35,57
11:19:40,56
11:19:55,56
11:20:05,57
11:20:10,56
11:20:15,55
11:20:20,55
11:20:25,54
11:20:40,54
11:20:55,55
11:21:00,56
11:21:05,58
11:21:10,60
11:21:15,61
11:21:20,60
11:21:25,60
11:21:30,58
11:21:35,59
11:21:50,55
11:21:55,54
11:22:10,54
11:22:25,54
11:22:30,54
11:22:35,54
11:22:50,54
11:23:05,54
11:23:15,54
11:23:30,54
11:23:35,54
11:23:40,55
11:23:50,55
11:24:00,56
11:24:05,57
11:24:10,58
11:24:20,59
11:24:35,59
11:24:40,58
11:24:55,58
11:25:05,59
11:25:10,58
11:25:15,57
11:25:30,57
11:25:35,57
11:25:50,57
11:26:05,57
11:26:20,57
11:26:35,57
11:26:40,58
11:26:55,58
11:27:05,59
11:27:10,60
11:27:25,59
11:27:40,60
11:27:55,58
11:28:05,56
11:28:20,56
11:28:35,56
11:28:40,55
11:28:45,54
11:28:50,56
11:28:55,57
11:29:00,58
11:29:15,58
11:29:30,58
11:29:40,57
11:29:45,55
11:29:50,53
11:30:05,53
11:30:15,52
11:30:20,52
11:30:25,53
11:30:40,55
11:30:45,57
11:30:50,56
11:31:05,56
11:31:20,56
11:31:35,56
11:31:40,56
11:31:55,56
11:32:10,56
11:32:25,56
11:32:40,56
11:32:45,57
11:32:50,58
11:32:55,58
11:33:05,59
11:33:20,59
11:33:25,59
11:33:40,59
11:33:55,59
11:34:10,59
11:34:15,59
11:34:30,59
11:34:45,59
11:34:46,59
11:34:51,58
11:34:56,57
11:35:11,57
11:35:26,57
11:35:41,57
11:35:46,58
11:36:01,58
11:36:11,59
11:36:16,59
11:36:21,60
11:36:36,60
11:36:51,60
11:36:56,60
11:37:11,60
11:37:26,60
11:37:41,60
11:37:46,60
11:37:51,60
11:38:06,60
11:38:21,60
11:38:31,60
11:38:46,60
11:39:01,60
11:39:16,60
11:39:26,60
11:39:36,62
11:39:41,63
11:39:46,63
11:40:01,63
11:40:06,64
11:40:16,64
11:40:31,64
11:40:46,64
11:41:01,64
11:41:11,64
11:41:26,64
11:41:41,64
11:41:46,64
11:41:51,65
11:41:56,66
11:42:11,65
11:42:21,64
11:42:26,63
11:42:31,63
11:42:46,65
11:43:01,64
11:43:11,65
11:43:16,64
11:43:21,62
11:43:36,60
11:43:46,61
11:43:51,62
11:44:01,63
11:44:06,65
11:44:16,66
11:44:21,68
11:44:26,70
11:44:31,70
11:44:36,71
11:44:46,72
11:44:51,71
11:45:01,68
11:45:06,68
11:45:11,68
11:45:16,67
11:45:26,68
11:45:41,68
11:45:51,67
11:45:56,68
11:46:11,68
11:46:26,68
11:46:41,68
11:46:46,70
11:46:51,72
11:47:01,71
11:47:06,70
11:47:11,65
11:47:26,65
11:47:36,63
11:47:41,61
11:47:47,61
11:47:52,63
11:47:57,64
11:48:02,65
11:48:07,66
11:48:22,67
11:48:37,66
11:48:42,67
11:48:47,68
11:48:57,67
11:49:02,66
11:49:07,64
11:49:17,65
11:49:32,67
11:49:37,66
11:49:52,66
11:49:57,65
11:50:12,65
11:50:22,64
11:50:27,62
11:50:42,62
11:50:57,62
11:51:12,62
11:51:17,62
11:51:22,62
11:51:37,62
11:51:52,62
11:51:57,62
11:52:12,62
11:52:27,61
11:52:42,61
11:52:52,60
11:52:57,59
11:53:12,59
11:53:17,60
11:53:22,61
11:53:27,62
11:53:32,62
11:53:47,63
11:53:52,62
11:53:57,65
11:54:02,66
11:54:17,66
11:54:32,66
11:54:37,66
11:54:42,65
11:54:47,65
11:55:02,65
11:55:17,65
11:55:32,65
11:55:47,65
11:55:57,64
11:56:02,65
11:56:17,65
11:56:22,66
11:56:32,65
11:56:42,66
11:56:47,66
11:57:02,66
11:57:17,67
11:57:27,69
11:57:32,71
11:57:47,71
11:58:02,71
11:58:07,70
11:58:12,70
11:58:27,70
11:58:42,70
11:58:47,69
11:58:57,69
11:59:07,71
11:59:17,69
11:59:22,70
11:59:27,69
11:59:42,68
11:59:47,64
12:00:02,64
12:00:17,63
12:00:32,63
12:00:37,63
12:00:52,63
12:00:57,63
12:01:12,63
12:01:27,64
12:01:32,65
12:01:37,64
12:01:42,64
12:01:57,63
12:02:02,62
12:02:12,62
12:02:22,62
12:02:37,62
12:02:42,63
12:02:57,61
12:03:02,62
12:03:12,66
12:03:17,67
12:03:27,68
12:03:32,67
12:03:37,65
12:03:42,64
12:03:47,63
12:03:57,67
12:04:02,68
12:04:12,69
12:04:17,67
12:04:32,68
12:04:47,68
12:04:52,68
12:04:57,65
12:05:02,66
12:05:07,68
12:05:12,70
12:05:17,71
12:05:22,70
12:05:37,70
12:05:52,70
12:05:57,70
12:06:02,69
12:06:07,67
12:06:12,70
12:06:17,73
12:06:22,71
12:06:27,70
12:06:32,72
12:06:47,72
12:06:52,71
12:06:57,70
12:07:02,69
12:07:07,70
12:07:12,71
12:07:17,69
12:07:22,71
12:07:27,72
12:07:32,73
12:07:37,73
12:07:42,74
12:07:47,71
12:08:02,71
12:08:12,70
12:08:17,70
12:08:32,70
12:08:37,70
12:08:42,67
12:08:47,65
12:08:52,65
12:08:57,66
12:09:12,66
12:09:27,67
12:09:42,66
12:09:47,64
12:09:52,65
12:10:07,66
12:10:17,66
12:10:32,66
12:10:42,66
12:10:57,66
12:11:12,66
12:11:27,66
12:11:42,66
12:11:57,66
12:12:12,66
12:12:17,66
12:12:22,66
12:12:32,66
12:12:42,65
12:12:57,65
12:13:12,65
12:13:27,65
12:13:32,63
12:13:47,60
12:13:52,57
12:14:02,57
12:14:17,57
12:14:32,57
12:14:42,57
12:14:47,58
12:14:52,57
12:15:02,58
12:15:07,58
12:15:12,56
12:15:17,54
12:15:27,52
12:15:32,51
12:15:37,50
12:15:52,50
12:15:57,51
12:16:02,52
12:16:07,53
12:16:12,53
12:16:27,54
12:16:32,55
12:16:37,56
12:16:42,58
12:16:47,61
12:16:52,62
12:17:02,63
12:17:07,63
12:17:12,62
12:17:17,61
12:17:22,60
12:17:27,62
12:17:32,63
12:17:37,62
12:17:42,59
12:17:52,58
12:18:02,59
12:18:07,58
12:18:22,58
12:18:32,59
12:18:42,60
12:18:57,61
12:19:12,61
12:19:17,62
12:19:27,63
12:19:32,64
12:19:37,65
12:19:42,66
12:19:47,65
12:20:02,65
12:20:07,64
12:20:12,67
12:20:17,69
12:20:22,70
12:20:27,71
12:20:32,74
12:20:42,75
12:20:57,75
12:21:02,74
12:21:17,74
12:21:22,73
12:21:27,70
12:21:32,69
12:21:47,69
12:22:02,69
12:22:17,69
12:22:22,68
12:22:27,67
12:22:42,67
12:22:57,68
12:23:12,69
12:23:17,70
12:23:22,71
12:23:27,70
12:23:42,70
12:23:47,70
12:24:02,71
12:24:17,72
12:24:22,73
12:24:27,83
12:24:32,96
12:24:37,100
12:24:42,101
12:24:47,100
12:25:02,100
12:25:17,100
12:25:32,100
12:25:47,100
12:26:02,100
12:26:07,99
12:26:12,96
12:26:17,93
12:26:22,90
12:26:27,86
12:26:32,83
12:26:37,82
12:26:42,80
12:26:47,79
12:26:52,79
12:27:07,77
12:27:12,75
12:27:17,72
12:27:22,70
12:27:37,70
12:27:47,69
12:27:52,70
12:27:57,71
12:28:07,68
12:28:12,66
12:28:17,65
12:28:32,64
12:28:37,63
12:28:52,63
12:29:02,64
12:29:12,62
12:29:22,63
12:29:27,65
12:29:32,67
12:29:47,68
12:29:52,67
12:29:57,65
12:30:02,63
12:30:07,62
12:30:12,61
12:30:17,60
12:30:22,58
12:30:32,59
12:30:42,57
12:30:47,56
12:30:52,57
12:30:57,56
12:31:12,56
12:31:17,57
12:31:32,57
12:31:37,56
12:31:47,57
12:32:02,57
12:32:17,58
12:32:27,59
12:32:42,59
12:32:52,59
12:33:02,60
12:33:17,60
12:33:22,63
12:33:32,62
12:33:37,63
12:33:42,62
12:33:57,62
12:34:02,62
12:34:08,60
12:34:23,59
12:34:28,60
12:34:43,61
12:34:48,62
12:34:58,64
12:35:13,64
12:35:18,61
12:35:23,57
12:35:38,58
12:35:43,56
12:35:53,57
12:36:08,57
12:36:18,56
12:36:33,56
12:36:38,55
12:36:48,56
12:36:53,57
12:37:03,56
12:37:08,55
12:37:18,56
12:37:28,57
12:37:43,57
12:37:58,58
12:38:13,58
12:38:18,59
12:38:28,60
12:38:33,62
12:38:38,66
12:38:43,64
12:38:48,61
12:38:53,55
12:39:08,55
12:39:13,56
12:39:18,55
12:39:33,54
12:39:38,55
12:39:43,56
12:39:48,57
12:39:53,56
12:39:58,57
12:40:13,57
12:40:18,56
12:40:33,56
12:40:38,57
12:40:53,58
12:40:58,60
12:41:03,60
12:41:18,59
12:41:23,58
12:41:33,59
12:41:38,59
12:41:48,58
12:41:58,60
12:42:03,59
12:42:08,60
12:42:18,61
12:42:33,61
12:42:38,62
12:42:43,63
12:42:58,65
12:43:03,66
12:43:08,64
12:43:13,63
12:43:18,61
12:43:28,58
12:43:43,58
12:43:53,59
12:44:03,59
12:44:08,58
12:44:23,58
12:44:33,55
12:44:38,54
12:44:43,53
12:44:48,52
12:44:58,53
12:45:13,53
12:45:18,55
12:45:23,56
12:45:38,56
12:45:43,57
12:45:48,57
12:45:53,58
12:46:08,58
12:46:13,59
12:46:18,58
12:46:23,57
12:46:38,57
12:46:53,57
12:46:58,56
12:47:08,57
12:47:18,59
12:47:28,60
12:47:33,62
12:47:38,63
12:47:43,62
12:47:48,61
12:47:53,61
12:48:03,62
12:48:13,61
12:48:23,62
12:48:38,62
12:48:43,63
12:48:48,62
12:48:53,63
12:48:58,64
12:49:08,63
12:49:13,62
12:49:18,62
12:49:33,62
12:49:38,64
12:49:48,65
12:49:58,62
12:50:03,60
12:50:08,59
12:50:13,58
12:50:18,57
12:50:33,57
12:50:43,58
12:50:48,59
12:50:53,61
12:51:08,62
12:51:13,63
12:51:23,62
12:51:28,61
12:51:33,62
12:51:43,61
12:51:48,61
12:52:03,58
12:52:18,58
12:52:23,59
12:52:28,59
12:52:43,59
12:52:58,59
12:53:08,60
12:53:13,60
12:53:18,58
12:53:23,57
12:53:38,58
12:53:43,57
12:53:48,56
12:54:03,57
12:54:18,56
12:54:23,57
12:54:38,58
12:54:43,59
12:54:48,61
12:54:53,62
12:54:58,61
12:55:03,60
12:55:08,59
12:55:13,60
12:55:18,62
12:55:23,61
12:55:28,60
12:55:33,59
12:55:38,58
12:55:43,55
12:55:48,56
12:55:58,57
12:56:08,58
12:56:13,59
12:56:18,59
12:56:28,60
12:56:38,60
12:56:53,60
12:57:03,60
12:57:12,60
12:57:21,60
12:57:41,60
12:57:56,61
12:58:11,63
12:58:16,67
12:58:21,69
12:58:36,71
12:58:41,73
12:58:46,74
12:58:56,73
12:59:01,72
12:59:06,71
12:59:16,69
12:59:31,69
12:59:46,69
13:00:01,69
13:00:16,69
13:00:31,69
13:00:46,69
13:01:01,69
13:01:16,69
13:01:31,69
13:01:46,69
13:02:01,69
13:02:06,69
13:02:11,69
13:02:26,69
13:02:41,69
13:02:46,69
13:03:01,69
13:03:11,69
13:03:16,69
13:03:31,69
13:03:46,69
13:03:56,69
13:04:11,69
13:04:26,69
13:04:31,69
13:04:46,69
13:05:01,69
13:05:16,69
13:05:21,69
13:05:26,69
13:05:36,69
13:05:51,69
13:05:56,73
13:06:11,73
13:07:27,73
13:07:42,73
13:07:57,73
13:08:07,73
13:08:12,73
13:08:22,71
13:08:37,70
13:08:47,70
13:09:02,70
13:09:07,71
13:09:17,71
13:09:32,71
13:09:47,71
13:10:02,71
13:10:17,71
13:10:32,71
13:10:37,71
13:10:52,71
13:11:07,71
13:11:22,71
13:11:37,71
13:11:52,71
13:12:07,71
13:12:12,71
13:12:17,71
13:12:27,71
13:12:42,71
13:12:47,71
13:12:52,71
13:13:07,71
13:13:17,71
13:13:22,71
13:13:32,71
13:13:42,71
13:13:47,70
13:13:52,70
13:14:07,70
13:14:17,70
13:14:27,70
13:14:42,70
13:14:47,70
13:15:02,70
13:15:17,70
13:15:32,70
13:15:47,70
13:15:52,70
13:16:02,70
13:16:17,70
13:16:32,70
13:16:47,70
13:16:57,70
13:17:02,69
13:17:17,69
13:17:32,70
13:17:37,70
13:17:52,72
13:17:57,73
13:18:02,72
13:18:17,72
13:18:32,71
13:18:37,70
13:18:42,68
13:18:52,69
13:19:02,69
13:19:17,69
13:19:32,69
13:19:47,69
13:20:02,69
13:20:17,69
13:20:32,69
13:20:47,69
13:21:02,69
13:21:12,77
13:21:17,78
13:21:22,77
13:21:32,83
13:21:37,91
13:21:42,92
13:21:52,94
13:21:57,95
13:22:12,96
13:22:17,97
13:22:32,97
13:22:47,97
13:23:02,97
13:23:17,97
13:23:22,97
13:23:32,97
13:23:47,97
13:24:02,97
13:24:17,97
13:24:32,97
13:24:47,97
13:25:02,97
13:25:17,97
13:25:32,97
13:25:37,98
13:25:52,98
13:26:07,98
13:26:22,98
13:26:37,98
13:26:52,98
13:27:07,98
13:27:22,98
13:27:37,98
13:27:47,98
13:27:52,98
13:28:07,98
13:28:22,98
13:28:37,98
13:28:52,98
13:29:07,98
13:29:17,97
13:29:22,100
13:29:27,103
13:29:37,106
13:29:52,106
13:30:07,106
13:30:22,106
13:30:37,106
13:30:52,106
13:30:57,105
13:31:07,106
13:31:22,106
13:31:37,106
13:31:52,106
13:32:02,106
13:32:17,106
13:32:32,106
13:32:47,106
13:32:52,106
13:33:07,106
13:33:17,105
13:33:22,103
13:33:27,101
13:33:42,101
13:33:47,101
13:33:57,101
13:34:12,101
13:34:27,101
13:34:42,101
13:34:57,101
13:35:12,101
13:35:27,101
13:35:37,102
13:35:42,103
13:35:57,103
13:36:12,103
13:36:27,103
13:36:42,103
13:36:57,103
13:37:02,103
13:37:12,104
13:37:27,104
13:37:42,104
13:37:57,104
13:38:12,104
13:38:22,103
13:38:27,101
13:38:42,101
13:38:47,101
13:39:02,101
13:39:17,101
13:39:32,101
13:39:47,101
13:40:02,101
13:40:17,101
13:40:27,99
13:40:32,94
13:40:37,93
13:40:52,94
13:41:07,94
13:41:22,95
13:41:37,95
13:41:52,95
13:41:57,96
13:42:07,97
13:42:12,98
13:42:17,99
13:42:32,99
13:42:47,99
13:43:02,99
13:43:12,98
13:43:27,98
13:43:37,97
13:43:52,97
13:44:02,98
13:44:07,98
13:44:17,97
13:44:27,98
13:44:32,97
13:44:47,96
13:44:52,95
13:44:57,94
13:45:02,92
13:45:12,93
13:45:22,94
13:45:32,92
13:45:47,91
13:45:52,92
13:45:57,93
13:46:12,94
13:46:17,93
13:46:22,94
13:46:32,93
13:46:47,93
13:46:57,92
13:47:07,94
13:47:12,95
13:47:17,94
13:47:22,92
13:47:32,93
13:47:47,93
13:48:02,94
13:48:07,95
13:48:17,93
13:48:32,93
13:48:47,94
13:48:52,95
13:49:07,95
13:49:17,94
13:49:32,94
13:49:47,94
13:50:02,95
13:50:17,95
13:50:32,94
13:50:37,92
13:50:42,91
13:50:57,91
13:51:02,90
13:51:17,90
13:51:32,90
13:51:37,91
13:51:52,91
13:51:57,93
13:52:12,93
13:52:17,91
13:52:22,92
13:52:37,92
13:52:52,92
13:53:07,92
13:53:12,92
13:53:27,92
13:53:42,92
13:53:52,90
13:53:57,88
13:54:07,89
13:54:12,90
13:54:22,91
13:54:27,92
13:54:42,92
13:54:57,92
13:55:07,93
13:55:17,94
13:55:32,93
13:55:37,92
13:55:42,93
13:55:47,92
13:55:52,88
13:55:57,86
13:56:02,85
13:56:12,84
13:56:17,80
13:56:27,81
13:56:42,67
13:56:47,64
13:56:52,61
13:56:57,59
13:57:02,57
13:57:17,57
13:57:27,58
13:57:42,58
13:57:52,59
13:57:57,59
13:58:12,59
13:58:27,59
13:58:42,59
13:58:57,59
13:59:12,59
13:59:27,59
13:59:42,60
13:59:47,61
14:00:02,61
14:00:12,61
14:00:27,61
14:00:42,61
14:00:57,61
14:01:12,61
14:01:17,61
14:01:22,61
14:01:27,61
14:01:42,61
14:01:57,61
14:02:12,61
14:02:17,61
14:02:27,61
14:02:32,61
14:02:37,61
14:02:52,61
14:03:07,61
14:03:22,61
14:03:37,61
14:03:52,61
14:03:57,62
14:04:02,62
14:04:17,62
14:06:14,62
14:06:29,62
14:06:34,63
14:06:44,64
14:06:59,63
14:07:14,62
14:07:19,61
14:07:24,62
14:07:34,61
14:07:39,59
14:07:54,58
14:07:59,59
14:08:04,60
14:08:14,60
14:08:24,61
14:08:29,62
14:08:44,63
14:08:49,64
14:09:04,64
14:09:19,64
14:09:24,65
14:09:29,65
14:09:44,65
14:09:59,65
14:10:04,64
14:10:09,64
14:10:24,65
14:10:29,65
14:10:34,65
14:10:44,65
14:10:59,65
14:11:09,66
14:11:24,65
14:11:29,64
14:11:34,62
14:11:49,62
14:12:04,62
14:12:14,62
14:12:19,62
14:12:34,62
14:12:49,62
14:13:04,62
14:13:14,64
14:13:19,65
14:13:24,66
14:13:34,66
14:13:39,66
14:13:54,66
14:14:09,66
14:14:24,67
14:14:39,67
14:14:54,67
14:15:09,67
14:15:24,67
14:15:29,67
14:15:34,66
14:15:39,66
14:15:44,65
14:15:49,64
14:16:04,62
14:16:09,60
14:16:14,61
14:16:19,62
14:16:34,62
14:16:44,62
14:16:49,62
14:17:04,62
14:17:19,64
14:17:29,65
14:17:39,66
14:17:44,67
14:17:49,66
14:17:59,66
14:18:04,66
14:18:19,66
14:18:34,66
14:18:49,66
14:18:54,64
14:19:09,64
14:19:24,64
14:19:39,63
14:19:44,63
14:19:49,64
14:19:54,63
14:19:59,63
14:20:04,65
14:20:19,65
14:20:24,66
14:20:39,66
14:20:44,66
14:20:59,66
14:21:04,67
14:21:09,67
14:21:24,67
14:21:39,67
14:21:54,67
14:22:09,67
14:22:19,66
14:22:24,64
14:22:34,66
14:22:39,66
14:22:54,64
14:22:59,63
14:23:04,62
14:23:09,63
14:23:14,64
14:23:19,66
14:23:24,69
14:23:29,71
14:23:34,72
14:23:49,71
14:23:54,70
14:23:59,69
14:24:14,70
14:24:29,70
14:24:34,68
14:24:39,67
14:24:44,68
14:24:59,68
14:25:14,68
14:25:24,68
14:25:39,68
14:25:49,69
14:25:59,69
14:26:09,70
14:26:14,71
14:26:19,72
14:26:34,70
14:26:39,68
14:26:44,69
14:26:54,68
14:26:59,65
14:27:09,64
14:27:24,64
14:27:34,65
14:27:39,65
14:27:49,65
14:27:54,66
14:28:09,66
14:28:24,66
14:28:34,66
14:28:49,66
14:29:04,66
14:29:19,66
14:29:34,65
14:29:39,65
14:29:44,66
14:29:59,66
14:30:09,66
14:30:19,67
14:30:24,68
14:30:29,68
14:30:34,73
14:30:39,70
14:30:49,71
14:31:04,71
14:31:19,72
14:31:24,73
14:31:29,72
14:31:39,71
14:31:49,72
14:31:54,73
14:31:59,74
14:32:09,73
14:32:19,74
14:32:29,76
14:32:39,75
14:32:54,75
14:33:09,75
14:33:14,75
14:33:29,74
14:33:44,74
14:33:59,74
14:34:14,74
14:34:19,74
14:34:29,75
14:34:44,75
14:34:54,73
14:34:59,68
14:35:04,66
14:35:09,66
14:35:24,66
14:35:29,67
14:35:34,68
14:35:39,68
14:35:54,68
14:36:09,68
14:36:24,68
14:36:39,68
14:36:44,68
14:36:59,68
14:37:09,67
14:37:19,68
14:37:34,68
14:37:39,69
14:37:54,68
14:38:09,68
14:38:24,69
14:38:29,68
14:38:34,67
14:38:49,67
14:38:54,68
14:39:09,67
14:39:19,68
14:39:29,68
14:39:39,69
14:39:49,69
14:39:54,69
14:39:59,71
14:40:14,71
14:40:29,71
14:40:44,71
14:40:59,71
14:41:14,71
14:41:29,71
14:41:34,70
14:41:39,70
14:41:49,71
14:42:04,71
14:42:14,70
14:42:19,70
14:42:24,70
14:42:39,70
14:42:54,70
14:43:09,70
14:43:24,70
14:43:39,70
14:43:54,70
14:44:09,69
14:44:19,68
14:44:24,69
14:44:29,70
14:44:34,69
14:44:39,68
14:44:54,67
14:45:04,67
14:45:09,67
14:45:24,67
14:45:34,69
14:45:44,69
14:45:59,69
14:46:14,69
14:46:19,69
14:46:24,69
14:46:34,68
14:46:44,66
14:46:54,65
14:46:59,66
14:47:04,65
14:47:09,64
14:47:14,62
14:47:19,60
14:47:24,59
14:47:29,61
14:47:34,62
14:47:44,61
14:47:54,63
14:48:09,64
14:48:19,61
14:48:29,63
14:48:39,64
14:48:44,66
14:48:49,68
14:48:54,67
14:49:09,67
14:49:24,67
14:49:39,67
14:49:54,67
14:50:09,68
14:50:24,68
14:50:29,68
14:50:44,68
14:50:54,67
14:50:59,65
14:51:09,63
14:51:14,62
14:51:19,60
14:51:34,61
14:51:39,62
14:51:44,63
14:51:59,63
14:52:09,63
14:52:24,63
14:52:39,63
14:52:44,64
14:52:49,62
14:52:54,61
14:52:59,61
14:53:14,61
14:53:29,61
14:53:44,61
14:53:54,61
14:54:09,61
14:54:19,67
14:54:24,69
14:54:39,70
14:54:44,68
14:54:49,65
14:54:54,64
14:55:04,65
14:55:09,64
14:55:24,64
14:55:39,63
14:55:54,63
14:56:04,64
14:56:09,65
14:56:14,66
14:56:24,66
14:56:29,66
14:56:44,66
14:56:59,66
14:57:09,66
14:57:24,66
14:57:39,66
14:57:54,66
14:58:09,66
14:58:24,66
14:58:39,66
14:58:49,66
14:58:54,65
14:59:09,65
14:59:24,66
14:59:39,66
14:59:44,67
14:59:49,67
14:59:59,67
15:00:04,66
15:00:14,67
15:00:24,65
15:00:29,61
15:00:44,61
15:00:49,59
15:00:54,56
15:00:59,59
15:01:04,60
15:01:09,60
15:01:14,61
15:01:19,62
15:01:24,60
15:01:34,61
15:01:49,61
15:01:59,61
15:02:14,63
15:02:24,62
15:02:39,63
15:02:44,64
15:02:49,63
15:02:54,63
15:02:59,64
15:03:04,67
15:03:09,66
15:03:14,65
15:03:19,65
15:03:29,64
15:03:34,63
15:03:44,65
15:03:49,65
15:03:59,66
15:04:04,67
15:04:09,67
15:04:14,66
15:04:19,69
15:04:24,70
15:04:39,70
15:04:54,68
15:04:59,61
15:05:04,62
15:05:09,64
15:05:14,64
15:05:24,63
15:05:29,63
15:05:39,64
15:05:54,65
15:06:09,64
15:06:24,64
15:06:39,64
15:06:54,65
15:06:59,66
15:07:04,67
15:07:14,68
15:07:19,67
15:07:24,65
15:07:29,64
15:07:39,63
15:07:44,65
15:07:49,65
15:08:04,65
15:08:09,64
15:08:24,64
15:08:34,61
15:08:39,60
15:08:54,60
15:08:59,61
15:09:04,60
15:09:09,61
15:09:14,62
15:09:29,62
15:09:39,63
15:09:44,64
15:09:49,63
15:10:04,63
15:10:19,63
15:10:29,64
15:10:34,65
15:10:39,63
15:10:44,64
15:10:49,63
15:10:54,61
15:10:59,62
15:11:04,60
15:11:09,60
15:11:14,57
15:11:19,58
15:11:29,60
15:11:34,61
15:11:39,63
15:11:44,65
15:11:59,65
15:12:09,66
15:12:14,68
15:12:19,64
15:12:24,60
15:12:29,58
15:12:39,57
15:12:44,58
15:12:59,59
15:13:14,61
15:13:24,62
15:13:39,62
15:13:54,62
15:13:59,61
15:14:09,62
15:14:14,61
15:14:19,58
15:14:29,59
15:14:34,58
15:14:39,57
15:14:44,58
15:14:54,58
15:15:09,58
15:15:24,58
15:15:34,59
15:15:44,60
15:15:59,60
15:16:14,60
15:16:19,60
15:16:29,59
15:16:34,59
15:16:39,62
15:16:54,62
15:17:04,63
15:17:14,64
15:17:19,63
15:17:34,63
15:17:39,63
15:17:54,63
15:18:04,61
15:18:11,61
15:18:26,61
15:18:41,60
15:18:56,61
15:19:01,61
15:19:16,61
15:19:31,61
15:19:41,63
15:19:46,64
15:19:51,64
15:19:56,65
15:20:11,65
15:20:21,64
15:20:26,65
15:20:31,63
15:20:36,62
15:20:51,62
15:20:56,62
15:21:01,61
15:21:06,60
15:21:11,61
15:21:21,60
15:21:26,61
15:21:41,61
15:21:56,61
15:22:03,60
15:22:08,59
15:22:13,58
15:22:18,59
15:22:33,60
15:22:38,57
15:22:48,58
15:23:03,58
15:23:08,60
15:23:13,62
15:23:18,62
15:23:28,64
15:23:33,65
15:23:48,65
15:23:53,62
15:23:58,61
15:24:08,60
15:24:13,59
15:24:28,59
15:24:43,59
15:24:58,59
15:25:08,60
15:25:13,59
15:25:18,58
15:25:23,59
15:25:28,60
15:25:38,60
15:25:44,59
15:25:49,60
15:25:54,59
15:25:59,59
15:26:04,57
15:26:09,56
15:26:14,59
15:26:19,60
15:26:34,60
15:26:44,60
15:26:49,61
15:26:54,62
15:27:09,62
15:27:19,63
15:27:24,62
15:27:39,62
15:27:54,63
15:28:09,64
15:28:19,63
15:28:24,61
15:28:29,59
15:28:44,59
15:28:49,63
15:28:54,64
15:28:59,62
15:29:04,60
15:29:09,60
15:29:14,59
15:29:29,59
15:29:44,58
15:29:49,56
15:29:54,55
15:30:04,57
15:30:09,58
15:30:19,58
15:30:34,59
15:30:49,59
15:30:54,59
15:30:59,61
15:31:04,60
15:31:14,60
15:31:29,60
15:31:44,61
15:31:59,61
15:32:04,60
15:32:14,60
15:32:19,59
15:32:34,60
15:32:39,59
15:32:54,60
15:32:59,60
15:33:04,61
15:33:14,62
15:33:19,60
15:33:24,60
15:33:29,61
15:33:34,60
15:33:44,61
15:33:49,62
15:34:04,62
15:34:14,64
15:34:29,64
15:34:34,63
15:34:39,64
15:34:54,64
15:35:04,60
15:35:09,58
15:35:14,58
15:35:19,57
15:35:24,58
15:35:34,59
15:35:39,61
15:35:49,62
15:36:04,62
15:36:19,62
15:36:24,61
15:36:39,62
15:36:44,63
15:36:49,62
15:36:54,62
15:36:59,59
15:37:04,59
15:37:09,58
15:37:14,59
15:37:29,59
15:37:34,58
15:37:49,58
15:38:04,59
15:38:14,60
15:38:29,60
15:38:44,60
15:38:49,63
15:38:54,65
15:39:09,66
15:39:14,65
15:39:19,64
15:39:34,64
15:39:49,64
15:40:04,64
15:40:14,65
15:40:19,66
15:40:29,65
15:40:34,66
15:40:44,68
15:40:49,69
15:41:04,69
15:41:19,69
15:41:34,69
15:41:39,69
15:41:54,69
15:41:59,68
15:42:04,67
15:42:19,67
15:42:34,67
15:42:49,67
15:43:04,67
15:43:19,67
15:43:34,67
15:43:49,67
15:43:59,68
15:44:09,67
15:44:24,66
15:44:29,65
15:44:44,65
15:44:49,65
15:45:04,65
15:45:19,65
15:45:34,65
15:45:39,65
15:45:54,65
15:45:59,65
15:46:09,65
15:46:24,65
15:46:39,65
15:46:54,65
15:46:59,65
15:47:14,65
15:47:29,65
15:47:44,65
15:47:59,65
15:48:14,65
15:48:29,65
15:48:34,64
15:48:39,64
15:48:54,64
15:49:09,65
15:49:14,66
15:49:19,67
15:49:29,66
15:49:34,65
15:49:44,65
15:49:54,64
15:50:04,63
15:50:09,64
15:50:24,64
15:50:39,64
15:50:49,64
15:50:54,64
15:50:59,67
15:51:04,71
15:51:19,71
15:51:24,72
15:51:29,73
15:51:44,72
15:51:59,72
15:52:14,72
15:52:19,71
15:52:24,70
15:52:34,69
15:52:39,67
15:52:44,62
15:52:49,56
15:52:54,57
15:52:59,58
15:53:14,58
15:53:29,59
15:53:39,58
15:53:49,59
15:53:59,58
15:54:14,57
15:54:19,54
15:54:34,55
15:54:44,55
15:54:59,55
15:55:14,55
15:55:29,55
15:55:44,56
15:55:54,57
15:56:09,57
15:56:14,57
15:56:29,57
15:56:44,57
15:56:59,57
15:57:04,57
15:57:19,57
15:57:34,57
15:57:44,57
15:57:54,57
15:57:59,57
15:58:14,57
15:58:29,57
15:58:44,57
15:58:59,57
15:59:04,57
15:59:19,57
15:59:29,58
15:59:34,60
15:59:39,61
15:59:54,61
16:00:09,61
16:00:24,61
16:00:29,63
16:00:34,64
16:00:44,64
16:00:49,65
16:01:04,65
16:01:09,64
16:01:14,63
16:01:19,62
16:01:24,60
16:01:39,61
16:01:54,61
16:02:09,61
16:02:14,61
16:02:19,60
16:02:24,59
16:02:39,59
16:02:44,59
16:02:54,60
16:03:04,60
16:03:19,61
16:03:29,62
16:03:44,62
16:03:49,61
16:03:54,60
16:03:59,59
16:04:04,56
16:04:09,55
16:04:24,55
16:04:29,56
16:04:44,56
16:04:54,58
16:04:59,59
16:05:04,59
16:05:19,60
16:05:24,61
16:05:29,62
16:05:39,61
16:05:44,65
16:05:49,67
16:05:59,66
16:06:14,66
16:06:19,66
16:06:34,66
16:06:49,66
16:06:59,66
16:07:14,66
16:07:19,65
16:07:34,65
16:07:44,65
16:07:59,65
16:08:04,65
16:08:09,64
16:08:24,64
16:08:39,64
16:08:54,64
16:09:09,64
16:09:24,64
16:09:39,64
16:09:44,64
16:09:49,65
16:09:54,66
16:10:04,65
16:10:19,65
16:10:34,66
16:10:39,66
16:10:54,66
16:11:09,66
16:11:24,66
16:11:29,65
16:11:39,64
16:11:44,61
16:11:49,60
16:11:59,59
16:12:04,56
16:12:09,55
16:12:14,56
16:12:29,56
16:12:39,57
16:12:44,58
16:12:49,57
16:12:59,58
16:13:14,58
16:13:29,58
16:13:39,59
16:13:44,60
16:13:59,60
16:14:04,60
16:14:09,61
16:14:24,61
16:14:34,61
16:14:49,61
16:15:04,61
16:15:19,62
16:15:24,65
16:15:29,66
16:15:39,66
16:15:44,66
16:15:59,66
16:16:14,66
16:16:29,66
16:16:44,66
16:16:59,66
16:17:14,64
16:17:19,60
16:17:29,59
16:17:44,59
16:17:49,58
16:17:59,56
16:18:14,57
16:18:19,54
16:18:34,55
16:18:49,55
16:19:04,55
16:19:09,55
16:19:14,55
16:19:19,56
16:19:29,57
16:19:39,56
16:19:49,57
16:19:54,57
16:20:04,56
16:20:09,57
16:20:14,56
16:20:19,54
16:20:24,53
16:20:29,54
16:20:44,54
16:20:54,54
16:21:09,54
16:21:24,55
16:21:29,54
16:21:34,56
16:21:39,57
16:21:49,57
16:21:59,58
16:22:14,59
16:22:29,59
16:22:34,59
16:22:49,59
16:22:54,60
16:22:59,61
16:23:04,61
16:23:09,63
16:23:14,64
16:23:29,64
16:23:34,65
16:23:39,63
16:23:44,55
16:23:59,55
16:24:09,56
16:24:19,57
16:24:24,58
16:24:34,58
16:24:44,57
16:24:49,59
16:24:54,60
16:25:04,59
16:25:14,59
16:25:29,59
16:25:39,58
16:25:44,57
16:25:49,56
16:25:54,56
16:26:09,57
16:26:24,57
16:26:34,57
16:26:49,57
16:26:54,57
16:26:59,57
16:27:14,57
16:27:29,57
16:27:34,59
16:27:44,60
16:27:59,60
16:28:04,59
16:28:09,60
16:28:14,61
16:28:29,61
16:28:34,61
16:28:49,61
16:28:59,62
16:29:04,63
16:29:09,64
16:29:14,65
16:29:19,66
16:29:34,66
16:29:49,66
16:30:04,67
16:30:09,67
16:30:14,66
16:30:19,63
16:30:29,63
16:30:39,63
16:30:54,63
16:30:59,63
16:31:14,62
16:31:19,58
16:31:24,55
16:31:39,54
16:31:49,53
16:31:54,52
16:31:59,53
16:32:14,53
16:32:29,54
16:32:44,54
16:32:59,54
16:33:09,55
16:33:24,55
16:33:29,57
16:33:34,55
16:33:39,52
16:33:44,51
16:33:54,52
16:33:59,53
16:34:14,53
16:34:19,53
16:34:34,53
16:34:49,52
16:34:54,53
16:35:04,55
16:35:14,56
16:35:19,57
16:35:24,57
16:35:34,58
16:35:49,58
16:35:54,57
16:35:59,56
16:36:04,57
16:36:14,57
16:36:19,58
16:36:24,60
16:36:29,61
16:36:34,60
16:36:39,57
16:36:44,55
16:36:49,56
16:36:54,55
16:37:04,54
16:37:09,55
16:37:14,55
16:37:29,55
16:37:34,54
16:37:49,54
16:38:04,54
16:38:09,55
16:38:24,55
16:38:29,55
16:38:34,55
16:38:39,54
16:38:54,54
16:39:09,54
16:39:24,54
16:39:39,54
16:39:54,54
16:39:59,56
16:40:04,56
16:40:14,56
16:40:29,56
16:40:44,56
16:40:54,56
16:41:09,56
16:41:24,56
16:43:35,56
16:43:50,56
16:44:05,56
16:44:20,56
16:44:35,56
16:44:50,56
16:44:55,56
16:45:10,56
16:45:25,56
16:45:40,56
16:45:45,57
16:45:50,58
16:45:55,57
16:46:00,56
16:46:15,57
16:46:20,57
16:46:35,57
16:46:45,57
16:47:00,57
16:47:10,57
16:47:25,57
16:47:40,57
16:47:55,57
16:48:10,57
16:48:25,57
16:48:40,57
16:48:55,57
16:49:00,58
16:49:15,58
16:49:30,58
16:49:45,58
16:50:00,58
16:50:15,58
16:50:30,58
16:50:45,58
16:50:50,59
16:51:05,59
16:51:20,59
16:51:35,59
16:51:50,59
16:52:05,59
16:52:20,59
16:52:35,61
16:52:50,61
16:52:55,63
16:53:05,62
16:53:10,63
16:53:20,63
16:53:25,64
16:53:30,66
16:53:35,67
16:53:50,67
16:54:05,67
16:54:15,67
16:54:20,67
16:54:35,67
16:54:50,67
16:55:05,67
16:55:10,68
16:55:25,67
16:55:30,67
16:55:40,66
16:55:45,65
16:56:00,65
16:56:15,65
16:56:20,67
16:56:25,68
16:56:35,68
16:56:50,66
16:57:00,65
16:57:05,65
16:57:10,64
16:57:25,65
16:57:40,67
16:57:50,66
16:57:55,65
16:58:10,65
16:58:15,64
16:58:20,64
16:58:25,65
16:58:40,65
16:58:45,66
16:58:55,65
16:59:00,65
16:59:05,64
16:59:10,63
16:59:15,61
16:59:25,61
16:59:40,60
16:59:50,60
16:59:55,60
17:00:00,61
17:00:05,62
17:00:20,61
17:00:25,60
17:00:30,59
17:00:35,60
17:00:40,61
17:00:50,62
17:01:00,61
17:01:05,60
17:01:10,59
17:01:15,57
17:01:25,58
17:01:40,58
17:01:45,59
17:02:00,59
17:02:05,56
17:02:10,56
17:02:20,55
17:02:35,55
17:02:45,56
17:03:00,56
17:03:05,56
17:03:20,56
17:03:30,56
17:03:45,56
17:04:00,56
17:04:15,56
17:04:30,56
17:04:45,56
17:05:00,56
17:05:15,56
17:05:30,56
17:05:45,56
17:06:00,56
17:06:15,56
17:06:25,57
17:06:30,58
17:06:45,63
17:06:50,68
17:06:55,69
17:07:00,71
17:07:05,73
17:07:15,73
17:07:20,73
17:07:35,73
17:07:50,72
17:08:05,72
17:08:15,73
17:08:25,74
17:08:35,76
17:08:40,79
17:08:45,79
17:08:50,82
17:08:55,85
17:09:00,87
17:09:05,90
17:09:10,93
17:09:15,96
17:09:20,100
17:09:25,102
17:09:30,101
17:09:35,95
17:09:40,92
17:09:50,91
17:09:55,88
17:10:00,84
17:10:15,84
17:10:30,81
17:10:35,79
17:10:50,79
17:10:55,79
17:11:00,80
17:11:05,81
17:11:10,82
17:11:20,83
17:11:35,83
17:11:50,83
17:12:05,83
17:12:15,84
17:12:20,86
17:12:25,83
17:12:30,81
17:12:35,81
17:12:50,81
17:12:55,78
17:13:00,75
17:13:05,74
17:13:10,75
17:13:15,77
17:13:30,79
17:13:40,77
17:13:45,75
17:13:50,74
17:14:05,74
17:14:20,74
17:14:35,74
17:14:40,75
17:14:45,76
17:15:00,76
17:15:15,76
17:15:30,76
17:15:45,76
17:15:55,79
17:16:00,85
17:16:05,86
17:16:10,84
17:16:20,83
17:16:25,80
17:16:30,76
17:16:35,74
17:16:40,72
17:16:55,72
17:17:00,72
17:17:05,70
17:17:10,69
17:17:15,69
17:17:20,70
17:17:25,70
17:17:30,69
17:17:35,70
17:17:50,70
17:17:55,73
17:18:00,74
17:18:15,74
17:18:20,74
17:18:35,74
17:18:45,72
17:18:50,72
17:19:05,73
17:19:20,73
17:19:30,74
17:19:40,75
17:19:55,75
17:20:10,75
17:20:15,74
17:20:20,75
17:20:25,74
17:20:30,73
17:20:35,72
17:20:50,72
17:21:05,72
17:21:20,72
17:21:35,72
17:21:45,73
17:21:50,77
17:21:55,80
17:22:00,81
17:22:05,84
17:22:20,84
17:22:35,84
17:22:50,84
17:22:55,84
17:23:05,83
17:23:10,79
17:23:15,76
17:23:20,75
17:23:35,75
17:23:50,75
17:24:05,75
17:24:20,75
17:24:30,75
17:24:40,74
17:24:45,75
17:25:00,75
17:25:15,75
17:25:30,77
17:25:35,79
17:25:50,79
17:25:55,77
17:26:00,75
17:26:15,75
17:26:30,75
17:26:45,76
17:26:50,78
17:27:00,79
17:27:15,79
17:27:25,83
17:27:30,88
17:27:35,92
17:27:40,95
17:27:45,96
17:27:55,95
17:28:00,94
17:28:10,93
17:28:15,92
17:28:25,90
17:28:30,88
17:28:35,86
17:28:40,84
17:28:45,83
17:28:50,82
17:28:55,81
17:29:00,78
17:29:15,77
17:29:20,74
17:29:25,72
17:29:30,70
17:29:35,66
17:29:40,65
17:29:45,68
17:29:50,67
17:29:55,67
17:30:05,67
17:30:20,67
17:30:30,67
17:30:35,67
17:30:50,67
17:31:05,67
17:31:20,67
17:31:35,69
17:31:40,71
17:31:45,73
17:32:00,73
17:32:10,73
17:32:15,75
17:32:25,77
17:32:30,81
17:32:35,80
17:32:40,78
17:32:50,79
17:33:05,79
17:33:10,79
17:33:25,79
17:33:30,79
17:33:45,79
17:33:55,77
17:34:00,74
17:34:10,72
17:34:15,71
17:34:20,69
17:34:30,67
17:34:35,66
17:34:40,66
17:34:45,67
17:34:50,67
17:35:05,68
17:35:10,69
17:35:25,69
17:35:40,69
17:35:45,71
17:36:00,71
17:36:15,70
17:36:25,71
17:36:30,70
17:36:35,69
17:36:40,68
17:36:45,65
17:37:00,65
17:37:05,66
17:37:10,63
17:37:15,58
17:37:20,56
17:37:35,56
17:37:45,56
17:37:55,57
17:38:00,58
17:38:15,58
17:38:30,58
17:38:45,58
17:38:50,58
17:38:55,57
17:39:00,58
17:39:15,58
17:39:20,58
17:39:25,59
17:39:30,61
17:39:35,59
17:39:50,58
17:39:55,57
17:40:10,55
17:40:15,54
17:40:20,55
17:40:25,54
17:40:30,55
17:40:35,57
17:40:50,57
17:40:55,58
17:41:00,60
17:41:10,58
17:41:15,56
17:41:20,54
17:41:25,53
17:41:30,52
17:41:40,53
17:41:45,52
17:42:00,52
17:42:05,52
17:42:20,52
17:42:30,53
17:42:45,54
17:42:50,55
17:43:00,54
17:43:05,53
17:43:15,54
17:43:20,55
17:43:35,55
17:43:40,56
17:43:45,57
17:43:50,58
17:43:55,59
17:44:05,60
17:44:20,60
17:44:25,58
17:44:30,56
17:44:35,54
17:44:50,54
17:44:55,55
17:45:10,56
17:45:15,59
17:45:20,60
17:45:25,58
17:45:40,58
17:45:50,59
17:45:55,60
17:46:00,62
17:46:05,63
17:46:15,64
17:46:25,65
17:46:30,65
17:46:40,65
17:46:55,65
17:47:05,66
17:47:20,67
17:47:35,67
17:47:45,70
17:47:50,76
17:47:55,77
17:48:05,76
17:48:10,77
17:48:25,77
17:48:30,77
17:48:40,76
17:48:45,73
17:48:50,71
17:48:55,70
17:49:00,68
17:49:05,66
17:49:10,65
17:49:20,66
17:49:35,67
17:49:40,68
17:49:50,69
17:49:55,70
17:50:10,70
17:50:15,70
17:50:30,71
17:50:35,70
17:50:50,70
17:51:05,70
17:51:20,70
17:51:35,70
17:51:40,70
17:51:55,70
17:52:10,70
17:52:20,69
17:52:25,68
17:52:40,68
17:52:55,67
17:53:05,69
17:53:10,70
17:53:25,70
17:53:40,70
17:53:55,70
17:54:10,70
17:54:15,70
17:54:25,69
17:54:30,67
17:54:35,66
17:54:50,66
17:54:55,66
17:55:10,66
17:55:15,67
17:55:20,68
17:55:35,68
17:55:50,68
17:58:37,70
17:58:42,70
17:58:47,69
17:58:52,68
17:59:02,66
17:59:17,64
17:59:22,63
17:59:37,63
17:59:42,63
17:59:57,63
18:00:02,61
18:00:07,62
18:00:12,63
18:00:27,63
18:00:37,63
18:00:52,63
18:01:07,63
18:01:22,64
18:01:27,64
18:01:42,64
18:01:47,64
18:02:02,64
18:02:17,64
18:02:32,64
18:02:37,63
18:02:52,63
18:03:07,63
18:03:12,63
18:03:27,63
18:03:42,63
18:03:57,63
18:04:12,63
18:04:27,63
18:04:42,63
18:04:57,63
18:05:12,63
18:05:27,63
18:05:42,63
18:05:57,63
18:06:07,64
18:06:12,65
18:06:17,65
18:06:32,65
18:06:47,65
18:07:02,65
18:07:12,66
18:07:27,66
18:07:37,66
18:07:47,66
18:08:02,66
18:08:12,65
18:08:22,65
18:08:32,65
18:08:47,65
18:08:52,65
18:09:07,65
18:09:12,65
18:09:27,65
18:09:42,65
18:09:57,66
18:10:12,66
18:10:17,66
18:10:22,66
18:10:37,66
18:10:52,66
18:11:07,66
18:11:22,66
18:11:37,66
18:11:52,66
18:12:07,66
18:12:17,68
18:12:32,68
18:12:37,68
18:12:42,68
18:12:52,68
18:13:07,68
18:13:22,68
18:13:37,68
18:13:52,68
18:14:07,68
18:14:22,68
18:14:27,68
18:14:37,68
18:14:42,68
18:14:57,68
18:15:12,68
18:15:27,68
18:15:42,68
18:15:57,68
18:16:02,67
18:16:12,67
18:16:17,66
18:16:22,64
18:16:27,63
18:16:32,60
18:16:37,59
18:16:47,60
18:16:52,59
18:17:02,58
18:17:07,57
18:17:22,57
18:17:37,57
18:17:47,56
18:17:57,55
18:18:02,54
18:18:17,54
18:18:32,54
18:18:37,54
18:18:42,54
18:18:57,55
18:19:02,55
18:19:17,55
18:19:32,55
18:19:47,55
18:20:02,55
18:20:07,55
18:20:22,56
18:20:37,56
18:20:42,57
18:20:47,57
18:21:02,57
18:21:07,56
18:21:17,58
18:21:22,59
18:21:27,60
18:21:32,59
18:21:37,60
18:21:42,61
18:21:52,60
18:21:57,61
18:22:07,60
18:22:12,61
18:22:27,60
18:22:37,62
18:22:42,61
18:22:47,60
18:22:52,61
18:23:07,61
18:23:22,61
18:23:27,61
18:23:32,61
18:23:42,61
18:23:57,61
18:24:12,62
18:24:17,61
18:24:32,61
18:24:42,61
18:24:57,61
18:25:07,61
18:25:12,62
18:25:17,62
18:25:22,62
18:25:37,62
18:25:52,61
18:25:57,60
18:26:07,59
18:26:12,60
18:26:27,61
18:26:32,62
18:26:37,62
18:26:52,62
18:26:57,62
18:27:02,62
18:27:07,61
18:27:12,61
18:27:17,61
18:27:32,61
18:27:42,61
18:27:47,62
18:28:02,62
18:28:17,62
18:28:22,62
18:28:32,60
18:28:42,61
18:28:52,61
18:28:57,62
18:29:12,62
18:29:27,62
18:29:42,62
18:29:52,61
18:29:57,62
18:30:12,62
18:30:27,62
18:30:42,62
18:30:57,62
18:31:12,62
18:31:17,62
18:31:22,61
18:31:32,60
18:31:37,60
18:31:52,60
18:32:07,61
18:32:22,61
18:32:37,61
18:32:42,62
18:32:47,62
18:33:02,62
18:33:12,61
18:33:17,59
18:33:22,56
18:33:27,56
18:33:32,57
18:33:47,57
18:33:52,57
18:34:07,57
18:34:12,58
18:34:17,58
18:34:22,59
18:34:37,59
18:34:47,59
18:35:02,59
18:35:17,59
18:35:32,59
18:35:47,59
18:36:02,59
18:36:17,59
18:36:18,59
18:36:33,60
18:36:38,61
18:36:43,62
18:36:58,62
18:37:13,62
18:37:28,62
18:37:43,62
18:37:58,62
18:38:03,62
18:38:08,62
18:38:18,62
18:38:33,62
18:38:48,62
18:39:03,62
18:39:18,62
18:39:23,62
18:39:38,62
18:39:43,62
18:39:58,62
18:40:13,62
18:40:18,63
18:40:33,62
18:40:38,61
18:40:43,60
18:40:58,60
18:41:03,61
18:41:08,64
18:41:13,71
18:41:18,77
18:41:23,81
18:41:28,83
18:41:33,85
18:41:38,86
18:41:43,86
18:41:48,91
18:41:53,95
18:42:08,95
18:42:23,95
18:42:38,95
18:42:48,93
18:42:53,91
18:42:58,89
18:43:03,88
18:43:08,89
18:43:23,89
18:43:28,89
18:43:38,90
18:43:53,91
18:43:58,89
18:44:03,86
18:44:08,83
18:44:13,81
18:44:18,82
18:44:23,81
18:44:33,80
18:44:48,80
18:44:53,81
18:45:08,81
18:45:23,81
18:45:38,82
18:45:48,80
18:46:03,79
18:46:08,78
18:46:23,78
18:46:38,78
18:46:53,78
18:47:08,78
18:47:13,77
18:47:28,77
18:47:38,78
18:47:43,80
18:47:48,81
18:48:03,80
18:48:18,80
18:48:33,80
18:48:48,80
18:49:03,80
18:49:08,79
18:49:23,79
18:49:33,79
18:49:38,79
18:49:43,79
18:49:53,81
18:50:08,81
18:50:23,81
18:50:33,80
18:50:38,79
18:50:43,78
18:50:58,78
18:51:03,80
18:51:08,81
18:51:23,81
18:51:28,78
18:51:43,78
18:51:58,78
18:52:08,78
18:52:13,77
18:52:23,76
18:52:28,77
18:52:33,78
18:52:38,79
18:52:43,80
18:52:58,80
18:53:08,80
18:53:15,74
18:53:20,63
18:53:25,60
18:53:30,59
18:53:45,59
18:53:55,60
18:54:10,60
18:54:20,61
18:54:30,60
18:54:35,59
18:54:45,59
18:55:00,59
18:55:15,59
18:55:30,59
18:55:35,59
18:55:40,60
18:55:45,61
18:55:50,60
18:56:05,60
18:56:15,59
18:56:20,58
18:56:25,58
18:56:40,58
18:56:55,59
18:57:05,60
18:57:15,59
18:57:20,59
18:57:30,60
18:57:35,61
18:57:40,60
18:57:45,59
18:57:50,58
18:57:55,59
18:58:05,61
18:58:15,60
18:58:20,61
18:58:35,61
18:58:40,60
18:58:55,60
18:59:00,61
18:59:10,62
18:59:20,62
18:59:25,63
18:59:30,64
18:59:35,65
18:59:40,64
18:59:45,60
18:59:50,59
19:00:05,58
19:00:10,57
19:00:15,56
19:00:20,54
19:00:25,54
19:00:30,55
19:00:35,54
19:00:45,55
19:01:00,55
19:01:15,54
19:01:20,53
19:01:25,52
19:01:35,53
19:01:50,53
19:02:05,53
19:02:10,54
19:02:15,55
19:02:30,55
19:02:45,55
19:02:55,56
19:03:10,60
19:03:25,61
19:03:40,61
19:03:55,61
19:04:00,62
19:04:10,62
19:04:25,62
19:04:40,62
19:04:45,61
19:04:50,60
19:05:00,60
19:05:15,61
19:05:20,61
19:05:25,61
19:05:40,61
19:05:50,62
19:05:55,61
19:06:05,60
19:06:10,58
19:06:20,59
19:06:25,58
19:06:40,58
19:06:45,59
19:06:50,60
19:06:55,61
19:07:00,62
19:07:05,63
19:07:10,63
19:07:20,63
19:07:35,63
19:07:50,63
19:08:00,63
19:08:05,64
19:08:20,64
19:08:35,64
19:08:45,64
19:09:00,64
19:09:05,65
19:09:10,65
19:09:15,65
19:09:30,65
19:09:45,65
19:10:00,64
19:10:05,62
19:10:10,61
19:10:15,61
19:10:30,63
19:10:45,63
19:10:50,64
19:11:05,64
19:11:10,64
19:11:20,64
19:11:35,64
19:11:40,64
19:11:45,61
19:11:50,57
19:12:05,58
19:12:15,57
19:12:20,56
19:12:25,55
19:12:40,55
19:12:50,56
19:12:55,57
19:13:00,59
19:13:15,59
19:13:20,59
19:13:25,59
19:13:35,60
19:13:40,61
19:13:50,62
19:13:55,64
19:14:00,64
19:14:15,63
19:14:30,62
19:14:35,61
19:14:40,62
19:14:45,61
19:14:55,58
19:15:00,55
19:15:05,53
19:15:15,52
19:15:25,51
19:15:40,51
19:15:45,52
19:15:50,53
19:15:55,52
19:16:10,52
19:16:15,55
19:16:20,54
19:16:35,54
19:16:40,53
19:16:50,54
19:16:55,55
19:17:05,54
19:17:10,53
19:17:25,53
19:17:30,52
19:17:45,52
19:17:55,53
19:18:10,53
19:18:25,53
19:18:40,53
19:18:45,55
19:18:50,56
19:18:55,57
19:19:05,58
19:19:20,58
19:19:30,58
19:19:45,58
19:19:55,59
19:20:10,59
19:20:25,59
19:20:30,59
19:20:35,60
19:20:40,62
19:20:55,62
19:21:00,60
19:21:06,60
19:21:21,60
19:21:26,60
19:21:41,60
19:21:51,60
19:22:06,60
19:22:21,61
19:22:36,61
19:22:51,61
19:23:01,62
19:23:06,60
19:23:11,59
19:23:16,58
19:23:31,58
19:23:46,58
19:24:01,58
19:24:11,58
19:24:26,58
19:24:41,58
19:24:56,57
19:25:01,55
19:25:06,56
19:25:21,56
19:25:36,56
19:25:46,56
19:26:01,56
19:26:16,56
19:26:21,56
19:26:36,56
19:26:51,56
19:27:06,56
19:27:21,56
19:27:36,56
19:27:41,58
19:27:46,60
19:27:51,61
19:27:56,62
19:28:11,62
19:28:16,63
19:28:31,63
19:28:36,63
19:28:51,63
19:28:56,64
19:29:06,63
19:29:11,62
19:29:16,63
19:29:21,65
19:29:31,65
19:29:36,64
19:29:51,65
19:29:56,66
19:30:11,67
19:30:21,65
19:30:36,65
19:30:41,65
19:30:46,66
19:31:01,66
19:31:16,66
19:31:26,65
19:31:41,66
19:31:46,67
19:32:01,67
19:32:16,67
19:32:31,67
19:32:36,67
19:32:51,67
19:33:01,68
19:33:16,68
19:33:31,68
19:33:46,68
19:34:01,68
19:34:06,68
19:34:11,67
19:34:16,67
19:34:31,67
19:34:46,67
19:35:01,67
19:35:11,67
19:35:16,67
19:35:31,67
19:35:41,67
19:35:46,67
19:35:56,67
19:36:11,67
19:36:16,67
19:36:31,67
19:36:41,67
19:36:56,67
19:37:11,67
19:37:21,67
19:37:36,67
19:37:51,67
19:38:06,67
19:38:16,67
19:38:26,67
19:38:41,67
19:38:56,67
19:39:01,67
19:39:06,67
19:39:21,67
19:39:26,67
19:39:41,67
19:39:46,67
19:39:51,67
19:40:06,67
19:40:21,67
19:40:26,65
19:40:31,63
19:40:36,63
19:40:51,62
19:41:06,62
19:41:16,62
19:41:31,63
19:41:46,63
19:41:56,63
19:42:11,63
19:42:21,63
19:42:36,62
19:42:41,61
19:42:46,60
19:42:51,61
19:43:06,61
19:43:21,61
19:43:31,62
19:43:46,62
19:43:51,63
19:43:56,61
19:44:01,60
19:44:11,61
19:44:26,62
19:44:31,61
19:44:36,60
19:44:41,59
19:44:56,60
19:45:11,58
19:45:16,58
19:45:31,57
19:45:36,59
19:45:41,60
19:45:56,60
19:46:06,60
19:46:21,60
19:46:31,59
19:46:36,58
19:46:51,58
19:47:06,57
19:47:11,56
19:47:26,56
19:47:31,55
19:47:41,56
19:47:46,55
19:48:01,55
19:48:16,55
19:48:26,54
19:48:31,52
19:48:41,53
19:48:46,55
19:48:51,57
19:48:56,56
19:49:01,55
19:49:06,54
19:49:11,55
19:49:16,54
19:49:21,53
19:49:31,53
19:49:36,54
19:49:41,53
19:49:51,55
19:49:56,56
19:50:11,56
19:50:26,56
19:50:31,57
19:50:46,56
19:51:01,56
19:51:16,56
19:51:26,57
19:51:41,57
19:51:46,56
19:52:01,56
19:52:06,57
19:52:11,56
19:52:16,55
19:52:21,54
19:52:36,55
19:52:51,55
19:53:01,53
19:53:06,52
19:53:21,50
19:53:31,52
19:53:36,52
19:53:51,52
19:54:06,51
19:54:11,50
19:54:21,51
19:54:26,52
19:54:31,53
19:54:41,54
19:54:51,53
19:55:06,54
19:55:21,54
19:55:26,53
19:55:31,52
19:55:46,52
19:55:51,53
19:56:06,53
19:56:16,52
19:56:21,51
19:56:26,52
19:56:36,53
19:56:46,52
19:57:01,52
19:57:16,53
19:57:31,54
19:57:46,54
19:57:56,53
19:58:01,52
19:58:06,51
19:58:11,52
19:58:16,52
19:58:31,52
19:58:41,53
19:58:56,53
19:59:11,53
19:59:26,54
19:59:31,55
19:59:36,56
19:59:46,57
20:00:01,57
20:00:06,58
20:00:21,58
20:00:26,58
20:00:31,59
20:00:36,61
20:00:41,64
20:00:46,65
20:01:01,65
20:01:06,65
20:01:11,64
20:01:16,63
20:01:31,63
20:01:46,63
20:02:01,63
20:02:11,63
20:02:16,63
20:02:21,63
20:02:31,64
20:02:46,64
20:03:01,64
20:03:11,63
20:03:16,61
20:03:21,60
20:03:26,61
20:03:41,61
20:03:46,61
20:04:01,61
20:04:16,61
20:04:31,61
20:04:46,61
20:05:01,61
20:05:16,61
20:05:26,65
20:05:31,69
20:05:41,71
20:05:46,72
20:06:01,72
20:06:16,72
20:06:31,73
20:06:46,73
20:07:01,73
20:07:16,73
20:07:21,73
20:07:36,73
20:07:41,74
20:07:46,81
20:07:51,82
20:08:06,82
20:08:11,84
20:08:16,85
20:08:21,88
20:08:26,94
20:08:31,100
20:08:36,102
20:08:51,101
20:09:06,101
20:09:21,101
20:09:36,101
20:09:51,101
20:10:06,101
20:10:11,100
20:10:26,100
20:10:36,99
20:10:41,98
20:10:56,98
20:11:11,98
20:11:26,98
20:11:41,98
20:11:51,98
20:11:57,98
20:12:12,97
20:12:27,97
20:12:42,97
20:12:57,97
20:13:02,98
20:13:07,99
20:13:22,99
20:13:37,100
20:13:42,103
20:13:47,101
20:13:52,102
20:14:07,102
20:14:22,102
20:14:37,102
20:14:52,103
20:15:07,103
20:15:22,103
20:15:32,100
20:15:42,100
20:15:47,100
20:15:52,101
20:15:57,102
20:16:12,104
20:16:17,106
20:16:22,107
20:16:32,107
20:16:37,108
20:16:42,109
20:16:57,109
20:17:07,108
20:17:12,104
20:17:17,97
20:17:22,92
20:17:27,91
20:17:32,88
20:17:37,84
20:17:42,81
20:17:47,79
20:17:52,76
20:17:57,77
20:18:02,78
20:18:07,79
20:18:17,79
20:18:32,79
20:18:47,79
20:19:02,79
20:19:17,79
20:19:32,79
20:19:47,79
20:20:02,79
20:20:17,79
20:20:22,79
20:20:27,79
20:20:32,79
20:20:47,79
20:21:02,79
20:21:07,79
20:21:22,79
20:21:37,79
20:21:52,79
20:22:02,79
20:22:17,79
20:22:32,79
20:22:47,79
20:23:02,79
20:23:17,79
20:23:22,80
20:23:37,80
20:23:52,80
20:23:57,79
20:24:02,76
20:24:07,63
20:24:12,56
20:24:17,56
20:24:22,55
20:24:27,54
20:24:32,53
20:24:37,52
20:24:52,52
20:24:57,52
20:25:02,50
20:25:07,48
20:25:12,47
20:25:22,46
20:25:37,46
20:25:52,46
20:26:07,46
20:26:22,46
20:26:37,46
20:26:47,45
20:27:02,45
20:27:17,46
20:27:32,46
20:27:47,46
20:28:02,46
20:28:07,45
20:28:17,46
20:28:22,47
20:28:27,46
20:28:42,46
20:28:47,46
20:28:52,47
20:29:02,46
20:29:17,45
20:29:32,45
20:29:42,46
20:29:47,45
20:29:57,45
20:30:02,45
20:30:07,44
20:30:22,43
20:30:32,44
20:30:37,45
20:30:42,45
20:30:47,45
20:30:52,46
20:30:57,46
20:31:02,45
20:31:07,45
20:31:12,45
20:31:17,45
20:31:32,45
20:32:49,45
20:32:59,45
20:33:04,45
20:33:19,45
20:33:34,46
20:33:49,46
20:33:59,45
20:34:14,44
20:34:19,46
20:34:24,47
20:34:29,48
20:34:34,50
20:34:49,50
20:34:54,50
20:34:59,49
20:35:04,47
20:35:09,46
20:35:24,46
20:35:34,45
20:35:39,44
20:35:44,44
20:35:54,43
20:35:59,42
20:36:14,42
20:36:19,44
20:36:26,45
20:36:31,45
20:36:36,46
20:36:41,45
20:36:51,44
20:37:01,43
20:37:16,44
20:37:31,44
20:37:41,43
20:37:56,44
20:38:01,43
20:38:11,43
20:38:26,43
20:38:31,45
20:38:36,46
20:38:46,47
20:38:56,46
20:39:06,45
20:39:21,44
20:39:31,45
20:39:36,43
20:39:51,43
20:39:56,44
20:40:11,44
20:40:16,45
20:40:31,45
20:40:46,46
20:40:51,45
20:40:56,45
20:41:11,44
20:41:16,42
20:41:21,41
20:41:26,42
20:41:31,43
20:41:36,45
20:41:51,45
20:42:06,45
20:42:21,45
20:42:36,45
20:42:46,45
20:42:51,45
20:42:56,45
20:43:06,45
20:43:16,45
20:43:21,46
20:43:31,45
20:43:36,44
20:43:51,44
20:44:06,45
20:44:16,45
20:44:26,45
20:44:41,46
20:44:46,45
20:44:56,45
20:45:01,46
20:45:11,45
20:45:21,44
20:45:31,44
20:45:41,44
20:45:46,44
20:46:01,44
20:46:11,45
20:46:21,45
20:46:26,45
20:46:41,45
20:46:51,45
20:46:56,45
20:47:01,45
20:47:16,45
20:49:17,44
20:49:32,45
20:49:47,44
20:50:02,45
20:50:17,45
20:50:22,44
20:50:37,44
20:50:52,44
20:50:57,45
20:51:12,44
20:51:17,45
20:51:27,44
20:51:42,44
20:51:47,45
20:52:02,44
20:52:17,45
20:52:27,45
20:52:37,44
20:52:52,44
20:53:07,44
20:53:22,45
20:53:37,45
20:53:42,46
20:53:47,46
20:53:52,45
20:53:57,44
20:54:12,45
20:54:17,46
20:54:27,45
20:54:32,45
20:54:37,44
20:54:52,45
20:55:07,45
20:55:22,45
20:55:27,45
20:55:32,46
20:55:37,45
20:55:52,45
20:56:07,45
20:56:22,45
20:56:37,45
20:56:52,45
20:57:07,45
20:57:22,45
20:57:32,44
20:57:47,45
20:58:02,45
20:58:07,45
20:58:17,44
20:58:27,43
20:58:37,43
20:58:47,43
20:58:52,43
20:59:02,43
20:59:07,43
20:59:17,44
20:59:27,45
20:59:37,44
20:59:47,45
21:00:02,45
21:00:17,45
21:00:32,45
21:00:42,44
21:00:57,44
21:01:07,45
21:01:22,45
21:01:37,45
21:01:52,45
21:01:57,45
21:02:07,44
21:02:17,45
21:02:22,46
21:02:32,45
21:02:47,45
21:03:02,45
21:03:07,45
21:03:22,45
21:03:37,45
21:03:42,44
21:03:48,44
21:03:53,45
21:04:08,45
21:04:23,45
21:04:28,44
21:04:38,45
21:04:53,45
21:05:08,45
21:05:13,46
21:05:23,45
21:05:38,45
21:05:48,46
21:06:03,45
21:06:18,45
21:06:33,45
21:06:48,45
21:07:03,45
21:07:18,45
21:07:33,45
21:07:43,46
21:07:58,45
21:08:03,44
21:08:18,44
21:08:33,45
21:08:48,45
21:08:53,46
21:09:03,45
21:09:08,45
21:09:23,45
21:09:38,45
21:09:53,45
21:10:08,45
21:10:18,46
21:10:28,45
21:10:43,46
21:10:48,45
21:11:03,45
21:11:13,46
21:11:28,46
21:11:43,46
21:11:58,47
21:12:08,46
21:12:23,46
21:12:38,46
21:12:43,45
21:12:58,45
21:13:03,46
21:13:18,47
21:13:28,46
21:13:43,46
21:13:53,47
21:14:03,46
21:14:08,45
21:14:23,46
21:14:28,46
21:14:43,46
21:14:58,46
21:15:13,47
21:15:28,46
21:15:33,47
21:15:38,48
21:15:53,47
21:16:03,46
21:16:18,46
21:16:28,47
21:16:33,48
21:16:38,47
21:16:43,46
21:16:58,46
21:17:13,46
21:17:23,45
21:17:28,46
21:17:38,47
21:17:43,46
21:17:53,47
21:18:08,47
21:18:23,46
21:18:28,47
21:18:38,46
21:18:44,45
21:18:59,46
21:19:09,47
21:19:14,47
21:19:24,46
21:19:39,46
21:19:49,47
21:19:54,47
21:19:59,48
21:20:04,49
21:20:09,50
21:20:14,51
21:20:19,53
21:20:24,55
21:20:29,54
21:20:34,53
21:20:39,52
21:20:44,51
21:20:49,50
21:20:59,51
21:21:09,52
21:21:14,53
21:21:24,54
21:21:29,56
21:21:34,57
21:21:39,57
21:21:44,56
21:21:49,51
21:21:54,52
21:21:59,53
21:22:04,55
21:22:19,54
21:22:29,56
21:22:34,55
21:22:44,54
21:22:59,54
21:23:04,55
21:23:09,56
21:23:19,56
21:23:24,55
21:23:29,56
21:23:34,52
21:23:39,51
21:23:44,50
21:23:49,50
21:23:54,51
21:23:59,53
21:24:04,54
21:24:09,55
21:24:14,56
21:24:19,58
21:24:34,60
21:24:39,63
21:24:44,62
21:24:49,62
21:24:54,56
21:24:59,53
21:25:04,52
21:25:09,53
21:25:14,56
21:25:24,55
21:25:39,55
21:25:44,56
21:25:49,57
21:25:54,57
21:26:04,55
21:26:09,50
21:26:14,51
21:26:19,52
21:26:24,53
21:26:29,54
21:26:34,53
21:26:44,54
21:26:59,54
21:27:04,56
21:27:19,57
21:27:34,56
21:27:39,54
21:27:44,50
21:27:49,48
21:27:54,49
21:27:59,49
21:28:04,49
21:28:09,50
21:28:14,51
21:28:19,52
21:28:24,54
21:28:29,53
21:28:39,54
21:28:44,50
21:28:49,53
21:28:54,56
21:28:59,54
21:29:09,54
21:29:14,55
21:29:19,56
21:29:24,57
21:29:39,57
21:29:49,61
21:29:59,54
21:30:04,52
21:30:19,52
21:30:24,54
21:30:29,52
21:30:34,51
21:30:39,51
21:30:45,54
21:30:50,52
21:30:55,50
21:31:00,51
21:31:05,52
21:31:10,53
21:31:15,54
21:31:20,52
21:31:25,53
21:31:40,53
21:31:45,52
21:31:50,54
21:31:55,55
21:32:00,53
21:32:05,51
21:32:10,53
21:32:15,54
21:32:20,56
21:32:25,57
21:32:30,58
21:32:45,59
21:32:55,61
21:33:00,58
21:33:05,55
21:33:10,54
21:33:15,53
21:33:30,54
21:33:35,53
21:33:40,50
21:33:45,48
21:34:00,48
21:34:05,47
21:34:20,47
21:34:30,49
21:34:35,50
21:34:40,51
21:34:45,49
21:34:50,48
21:34:55,47
21:35:10,47
21:35:15,48
21:35:25,49
21:35:35,50
21:35:40,51
21:35:45,51
21:35:50,49
21:35:55,47
21:36:10,47
21:36:15,47
21:36:20,48
21:36:35,48
21:36:45,48
21:36:50,48
21:36:56,47
21:37:01,46
21:37:06,47
21:37:21,48
21:37:31,47
21:37:36,48
21:37:46,49
21:37:51,48
21:38:01,47
21:38:16,47
21:38:21,48
21:38:26,49
21:38:31,48
21:38:36,47
21:38:51,47
21:39:06,46
21:39:21,48
21:39:36,48
21:39:41,49
21:39:46,47
21:40:01,47
21:40:16,47
21:40:31,46
21:40:46,45
21:41:01,45
21:41:06,46
21:41:11,47
21:41:18,47
21:41:28,47
21:41:38,46
21:41:48,47
21:41:58,46
21:42:03,47
21:42:08,48
21:42:13,47
21:42:18,47
21:42:33,48
21:42:38,47
21:42:53,47
21:43:03,46
21:43:13,47
21:43:28,47
21:43:33,46
21:43:43,47
21:43:58,47
21:44:13,47
21:44:28,47
21:44:43,47
21:44:48,46
21:44:53,47
21:44:58,46
21:45:13,46
21:45:23,47
21:45:38,49
21:45:43,48
21:45:48,47
21:45:58,46
21:46:08,47
21:46:13,46
21:46:28,46
21:46:38,47
21:46:43,46
21:46:58,47
21:47:13,47
21:47:23,46
21:47:28,45
21:47:43,46
21:47:58,47
21:48:08,46
21:48:23,47
21:48:38,47
21:48:48,47
21:48:58,46
21:49:03,46
21:49:08,45
21:49:18,46
21:49:33,46
21:49:38,45
21:49:43,46
21:49:48,45
21:49:53,46
21:49:58,46
21:50:13,46
21:50:28,46
21:50:33,46
21:50:43,45
21:50:58,45
21:51:03,46
21:51:18,46
21:51:33,46
21:51:38,47
21:51:53,47
21:52:03,47
21:52:08,46
21:52:23,46
21:52:33,47
21:52:43,46
21:52:58,46
21:53:08,47
21:53:18,47
21:53:23,46
21:53:38,46
21:53:43,47
21:53:58,47
21:54:13,46
21:54:18,47
21:54:24,48
21:54:29,47
21:54:34,48
21:54:39,47
21:54:54,47
21:55:04,48
21:55:19,47
21:55:24,46
21:55:39,47
21:55:54,47
21:56:04,46
21:56:09,47
21:56:14,46
21:56:24,45
21:56:29,46
21:56:39,47
21:56:44,48
21:56:49,47
21:56:54,46
21:56:59,47
21:57:09,48
21:57:14,47
21:57:29,47
21:57:44,47
21:57:49,46
21:58:04,46
21:58:19,47
21:58:24,48
21:58:34,47
21:58:49,47
21:59:04,47
21:59:14,46
21:59:29,47
21:59:44,47
21:59:59,47
22:00:14,47
22:00:19,48
22:00:24,47
22:00:39,47
22:00:54,47
22:00:59,47
22:01:04,46
22:01:09,46
22:01:24,46
22:01:29,46
22:01:39,48
22:01:49,47
22:02:04,47
22:02:09,46
22:02:24,46
22:02:39,46
22:02:49,48
22:02:55,49
22:03:00,47
22:03:15,47
22:03:30,47
22:03:35,48
22:03:50,47
22:03:55,46
22:04:05,47
22:04:15,46
22:04:25,47
22:04:35,48
22:04:50,48
22:04:55,46
22:05:05,47
22:05:10,48
22:05:25,48
22:05:35,47
22:05:45,47
22:05:50,47
22:06:05,47
22:06:10,48
22:06:20,47
22:06:35,47
22:06:50,47
22:06:55,47
22:07:02,47
22:07:07,48
22:07:22,49
22:07:32,48
22:07:47,47
22:07:52,48
22:08:07,49
22:08:22,49
22:08:37,47
22:08:52,47
22:09:07,47
22:09:22,47
22:09:37,48
22:09:42,48
22:09:47,48
22:09:52,48
22:10:07,48
22:10:17,47
22:10:27,48
22:10:42,48
22:10:47,46
22:10:52,47
22:11:07,47
22:11:08,47
22:11:23,47
22:11:38,47
22:11:43,48
22:11:58,47
22:12:03,48
22:12:13,47
22:12:28,48
22:12:43,49
22:12:48,48
22:12:53,47
22:12:58,47
22:13:08,47
22:13:23,48
22:13:28,47
22:13:33,48
22:13:38,48
22:13:48,47
22:13:58,48
22:14:03,49
22:14:18,49
22:14:28,48
22:14:43,48
22:14:58,48
22:15:03,47
22:15:18,47
22:15:28,48
22:15:33,47
22:15:38,47
22:15:48,47
22:16:03,47
22:16:13,48
22:16:28,48
22:16:33,49
22:16:38,48
22:16:53,48
22:17:08,47
22:17:13,47
22:17:18,46
22:17:23,47
22:17:28,46
22:17:38,47
22:17:48,47
22:17:53,47
22:18:03,46
22:18:18,47
22:18:23,48
22:18:33,47
22:18:38,46
22:18:43,47
22:18:58,47
22:19:03,48
22:19:18,48
22:19:23,49
22:19:28,49
22:19:33,50
22:19:38,49
22:19:43,48
22:19:48,47
22:19:58,48
22:20:13,48
22:20:18,49
22:20:23,49
22:20:33,48
22:20:38,46
22:20:48,47
22:20:53,48
22:20:58,49
22:21:03,48
22:21:13,47
22:21:23,48
22:21:28,49
22:21:38,48
22:21:43,49
22:21:53,48
22:22:03,48
22:22:08,47
22:22:18,48
22:22:28,49
22:22:33,50
22:22:38,49
22:22:43,49
22:22:48,50
22:22:53,49
22:23:08,49
22:23:23,49
22:23:38,49
22:23:53,50
22:23:58,52
22:24:03,51
22:24:08,48
22:24:23,49
22:24:38,49
22:24:43,48
22:24:58,48
22:25:03,49
22:25:18,49
22:25:33,49
22:25:48,48
22:26:03,49
22:26:18,49
22:26:23,49
22:26:38,49
22:26:48,50
22:26:54,48
22:27:09,49
22:27:24,48
22:27:34,48
22:27:44,47
22:27:49,47
22:27:54,46
22:28:04,47
22:28:09,48
22:28:14,49
22:28:29,49
22:28:34,48
22:28:49,48
22:28:54,49
22:28:59,48
22:29:14,49
22:29:19,48
22:29:29,49
22:29:34,49
22:29:44,48
22:29:49,47
22:29:59,46
22:30:09,47
22:30:14,48
22:30:19,49
22:30:24,49
22:30:34,48
22:30:39,47
22:30:44,48
22:30:59,48
22:31:04,49
22:31:14,50
22:31:24,48
22:31:34,49
22:31:39,48
22:31:49,47
22:31:54,48
22:32:04,49
22:32:09,48
22:32:19,49
22:32:34,48
22:32:49,49
22:33:04,49
22:33:09,48
22:33:14,47
22:33:24,48
22:33:29,47
22:33:39,48
22:33:54,48
22:34:09,49
22:34:14,48
22:34:19,49
22:34:34,48
22:34:49,48
22:34:54,49
22:34:59,50
22:35:04,49
22:35:09,48
22:35:24,48
22:35:34,48
22:35:39,49
22:35:44,49
22:35:49,51
22:35:54,49
22:35:59,48
22:36:14,48
22:36:29,50
22:36:44,50
22:36:49,49
22:36:54,50
22:37:09,50
22:37:19,51
22:37:24,52
22:37:29,49
22:37:34,48
22:37:39,47
22:37:44,46
22:37:49,45
22:38:04,45
22:38:09,46
22:38:24,46
22:38:29,46
22:38:44,46
22:38:49,47
22:38:54,48
22:38:59,48
22:39:04,46
22:39:19,46
22:39:34,46
22:39:39,47
22:39:44,48
22:39:49,49
22:39:54,52
22:39:59,53
22:40:09,52
22:40:19,51
22:40:29,52
22:40:44,53
22:40:49,52
22:40:59,53
22:41:09,54
22:41:14,57
22:41:19,59
22:41:24,60
22:41:29,55
22:41:34,50
22:41:39,49
22:41:44,50
22:41:49,50
22:41:54,51
22:42:04,50
22:42:09,51
22:42:19,50
22:42:34,50
22:42:39,53
22:42:44,54
22:42:49,55
22:42:54,54
22:42:59,53
22:43:04,54
22:43:09,53
22:43:14,55
22:43:19,53
22:43:24,51
22:43:29,50
22:43:34,51
22:43:39,52
22:43:49,53
22:43:54,52
22:44:04,51
22:44:09,49
22:44:19,50
22:44:29,51
22:44:34,53
22:44:40,54
22:44:55,54
22:45:05,56
22:45:15,55
22:45:25,53
22:45:30,52
22:45:45,50
22:46:00,50
22:46:10,51
22:46:25,52
22:46:35,53
22:46:45,52
22:46:50,51
22:47:00,52
22:47:15,52
22:47:25,53
22:47:30,52
22:47:45,51
22:47:50,50
22:48:05,50
22:48:15,49
22:48:30,49
22:48:45,50
22:48:50,51
22:48:55,52
22:49:00,53
22:49:10,52
22:49:15,52
22:49:20,53
22:49:25,55
22:49:30,54
22:49:35,52
22:49:50,51
22:50:00,50
22:50:05,52
22:50:15,52
22:50:20,53
22:50:25,53
22:50:30,52
22:50:35,50
22:50:40,49
22:50:50,50
22:50:55,51
22:51:10,52
22:51:15,51
22:51:20,52
22:51:30,52
22:51:35,53
22:51:40,52
22:51:45,52
22:51:50,53
22:51:55,53
22:52:00,54
22:52:05,55
22:52:10,57
22:52:15,60
22:52:20,63
22:52:25,56
22:52:30,51
22:52:35,49
22:52:45,49
22:52:55,50
22:53:00,51
22:53:05,52
22:53:10,51
22:53:15,52
22:53:20,54
22:53:30,52
22:53:35,51
22:53:40,50
22:53:45,49
22:53:50,47
22:54:00,48
22:54:05,47
22:54:10,48
22:54:25,49
22:54:35,50
22:54:40,51
22:54:45,52
22:54:55,53
22:55:00,57
22:55:05,56
22:55:15,55
22:55:20,57
22:55:25,63
22:55:30,66
22:55:35,58
22:55:40,56
22:55:45,57
22:55:50,56
22:55:55,55
22:56:05,54
22:56:20,54
22:56:35,53
22:56:50,53
22:56:55,55
22:57:05,54
22:57:15,55
22:57:30,55
22:57:45,56
22:57:50,54
22:58:00,53
22:58:10,52
22:58:15,51
22:58:30,51
22:58:31,51
22:58:36,52
22:58:46,53
22:59:01,53
22:59:06,54
22:59:11,55
22:59:21,54
22:59:26,53
22:59:31,51
22:59:36,50
22:59:51,50
22:59:56,51
23:00:01,50
23:00:16,50
23:00:21,50
23:00:36,50
23:00:41,51
23:00:51,52
23:00:56,53
23:01:01,55
23:01:06,60
23:01:11,61
23:01:16,62
23:01:21,61
23:01:26,62
23:01:36,67
23:01:44,70
23:01:49,70
23:01:54,65
23:01:59,58
23:02:14,63
23:02:19,66
23:02:24,61
23:02:29,56
23:02:34,53
23:02:39,52
23:02:44,53
23:02:49,51
23:02:54,52
23:02:59,54
23:03:04,55
23:03:14,56
23:03:19,55
23:03:24,56
23:03:29,57
23:03:34,54
23:03:39,52
23:03:49,54
23:03:59,53
23:04:04,56
23:04:09,56
23:04:14,54
23:04:19,55
23:04:24,56
23:04:29,57
23:04:34,58
23:04:39,56
23:04:54,52
23:04:59,54
23:05:04,56
23:05:14,55
23:05:19,53
23:05:29,52
23:05:34,54
23:05:39,55
23:05:44,53
23:05:49,51
23:05:54,50
23:05:59,49
23:06:09,50
23:06:24,51
23:06:29,52
23:06:44,53
23:06:49,55
23:07:04,53
23:07:09,53
23:07:19,54
23:07:24,55
23:07:34,61
23:07:39,62
23:07:44,60
23:07:49,58
23:07:54,52
23:08:04,51
23:08:09,51
23:08:14,50
23:08:24,52
23:08:29,54
23:08:34,55
23:08:39,56
23:08:44,58
23:08:49,56
23:08:54,54
23:08:59,52
23:09:04,51
23:09:09,50
23:09:14,54
23:09:19,58
23:09:24,57
23:09:29,54
23:09:34,53
23:09:39,52
23:09:44,54
23:09:49,55
23:09:54,55
23:10:04,56
23:10:09,57
23:10:14,57
23:10:19,54
23:10:34,56
23:10:39,56
23:10:44,54
23:10:54,53
23:10:59,52
23:11:04,53
23:11:09,55
23:11:14,56
23:11:19,55
23:11:24,52
23:11:34,53
23:11:44,53
23:11:49,52
23:11:54,53
23:12:09,55
23:12:19,58
23:12:24,59
23:12:29,58
23:12:34,59
23:12:39,55
23:12:44,55
23:12:49,57
23:12:54,57
23:12:59,55
23:13:04,56
23:13:09,57
23:13:14,55
23:13:24,56
23:13:29,55
23:13:34,54
23:13:39,55
23:13:44,55
23:13:49,54
23:13:59,55
23:14:04,53
23:14:09,50
23:14:14,51
23:14:29,52
23:14:39,53
23:14:44,52
23:14:54,51
23:14:59,52
23:15:14,52
23:15:19,52
23:15:24,53
23:15:29,54
23:15:34,54
23:15:39,56
23:15:44,55
23:15:59,55
23:16:04,54
23:16:09,53
23:16:14,55
23:16:19,58
23:16:24,59
23:16:29,57
23:16:34,56
23:16:49,56
23:16:54,51
23:17:04,52
23:17:14,53
23:17:19,55
23:17:24,53
23:17:29,50
23:17:34,51
23:17:49,51
23:17:59,52
23:18:09,55
23:18:14,54
23:18:19,50
23:18:29,53
23:18:34,53
23:18:39,52
23:18:49,54
23:18:54,55
23:18:59,56
23:19:04,59
23:19:09,61
23:19:15,63
23:19:25,58
23:19:30,54
23:19:35,52
23:19:50,53
23:20:00,52
23:20:10,51
23:20:20,52
23:20:25,53
23:20:30,54
23:20:35,53
23:20:40,58
23:20:45,59
23:20:55,60
23:21:00,58
23:21:05,51
23:21:10,49
23:21:25,51
23:21:30,53
23:21:40,53
23:21:45,57
23:21:50,58
23:21:55,57
23:22:00,54
23:22:05,53
23:22:10,53
23:22:20,55
23:22:25,55
23:22:30,56
23:22:35,58
23:22:40,57
23:22:45,52
23:23:00,52
23:23:05,53
23:23:20,54
23:23:25,53
23:23:30,54
23:23:35,55
23:23:40,57
23:23:45,57
23:23:50,58
23:24:00,58
23:24:05,57
23:24:10,55
23:24:15,49
23:24:20,49
23:24:30,50
23:24:35,59
23:24:45,58
23:24:50,60
23:25:00,59
23:25:05,60
23:25:10,59
23:25:15,56
23:25:20,54
23:25:25,53
23:25:30,52
23:25:40,53
23:25:45,52
23:25:50,49
23:25:55,50
23:26:00,52
23:26:05,54
23:26:10,55
23:26:15,56
23:26:20,60
23:26:25,61
23:26:35,60
23:26:40,59
23:26:45,58
23:26:55,59
23:27:10,59
23:27:20,59
23:27:25,57
23:27:30,55
23:27:35,55
23:27:45,55
23:27:50,55
23:27:55,56
23:28:01,56
23:28:11,57
23:28:16,58
23:28:26,59
23:28:31,58
23:28:36,59
23:28:46,57
23:28:51,56
23:28:56,57
23:29:01,59
23:29:06,60
23:29:11,62
23:29:26,60
23:29:31,58
23:29:41,59
23:29:46,62
23:29:51,63
23:29:56,61
23:30:01,62
23:30:06,63
23:30:11,62
23:30:16,65
23:30:21,64
23:30:26,57
23:30:31,54
23:30:36,52
23:30:41,54
23:30:46,53
23:30:51,54
23:30:56,55
23:31:01,56
23:31:11,57
23:31:16,58
23:31:31,55
23:31:36,52
23:31:41,52
23:31:46,51
23:31:51,48
23:32:01,51
23:32:06,52
23:32:11,53
23:32:16,54
23:32:26,52
23:32:31,51
23:32:36,50
23:32:41,49
23:32:56,50
23:33:11,52
23:33:16,53
23:33:21,54
23:33:26,56
23:33:31,57
23:33:36,55
23:33:41,54
23:33:47,53
23:33:57,53
23:34:02,55
23:34:07,54
23:34:12,55
23:34:17,54
23:34:22,55
23:34:27,57
23:34:32,58
23:34:37,58
23:34:42,57
23:34:47,56
23:34:52,59
23:34:57,60
23:35:02,58
23:35:07,57
23:35:12,58
23:35:17,58
23:35:22,57
23:35:27,55
23:35:32,53
23:35:37,52
23:35:42,51
23:35:47,48
23:35:52,47
23:35:57,48
23:36:07,49
23:36:12,50
23:36:17,50
23:36:22,51
23:36:37,51
23:36:42,50
23:36:47,48
23:36:57,49
23:37:07,50
23:37:17,50
23:37:22,49
23:37:27,47
23:37:37,49
23:37:42,50
23:37:57,50
23:38:12,50
23:38:17,53
23:38:22,54
23:38:27,53
23:38:32,56
23:38:42,55
23:38:47,53
23:38:52,52
23:39:02,53
23:39:17,53
23:39:32,53
23:39:34,54
23:39:44,53
23:39:49,50
23:39:54,49
23:40:04,50
23:40:09,52
23:40:14,53
23:40:24,52
23:40:29,51
23:40:34,50
23:40:49,50
23:40:54,51
23:40:59,52
23:41:04,53
23:41:09,52
23:41:14,51
23:41:19,52
23:41:24,54
23:41:29,53
23:41:34,51
23:41:39,50
23:41:49,52
23:41:54,51
23:42:09,51
23:42:14,50
23:42:19,51
23:42:24,51
23:42:29,48
23:42:39,48
23:42:44,47
23:42:49,50
23:42:54,52
23:42:59,50
23:43:04,49
23:43:09,50
23:43:14,54
23:43:19,58
23:43:24,56
23:43:29,52
23:43:34,51
23:43:44,52
23:43:49,51
23:43:54,52
23:43:59,51
23:44:09,52
23:44:14,56
23:44:19,58
23:44:24,51
23:44:29,49
23:44:34,48
23:44:44,49
23:44:49,50
23:44:54,49
23:45:04,50
23:45:09,49
23:45:19,50
23:45:24,52
23:45:29,53
23:45:44,50
23:45:59,50
23:46:04,52
23:46:09,53
23:46:14,54
23:46:29,54
23:46:34,54
23:46:39,52
23:46:44,50
23:46:59,50
23:47:04,51
23:47:09,49
23:47:14,48
23:47:24,49
23:47:29,52
23:47:34,54
23:47:44,52
23:47:54,53
23:48:09,54
23:48:14,55
23:48:19,57
23:48:29,58
23:48:34,57
23:48:39,56
23:48:44,57
23:48:59,55
23:49:04,56
23:49:14,55
23:49:19,57
23:49:24,58
23:49:34,57
23:49:39,56
23:49:49,57
23:49:54,58
23:49:59,56
23:50:04,51
23:50:09,49
23:50:14,48
23:50:19,50
23:50:24,52
23:50:29,53
23:50:44,54
23:50:49,56
23:50:54,59
23:50:59,60
23:51:04,61
23:51:09,63
23:51:14,59
23:51:19,56
23:51:24,53
23:51:30,52
23:51:40,53
23:51:45,52
23:51:50,53
23:51:55,52
23:52:10,53
23:52:25,51
23:52:30,48
23:52:40,49
23:52:45,50
23:53:00,49
23:53:10,48
23:53:20,50
23:53:25,52
23:53:40,51
23:53:45,52
23:53:50,53
23:53:55,54
23:54:05,53
23:54:10,51
23:54:15,49
23:54:20,48
23:54:25,49
23:54:30,49
23:54:35,48
23:54:40,47
23:54:45,48
23:54:50,50
23:54:55,51
23:55:10,53
23:55:15,55
23:55:20,53
23:55:30,54
23:55:45,55
23:55:50,54
23:55:55,53
23:56:00,55
23:56:10,57
23:56:15,58
23:56:20,56
23:56:25,54
23:56:35,53
23:56:40,52
23:56:50,51
23:57:05,52
23:57:10,51
23:57:15,50
23:57:25,48
23:57:30,47
23:57:35,48
23:57:40,50
23:57:45,49
23:57:50,48
23:57:55,50
23:58:00,51
23:58:05,50
23:58:10,52
23:58:15,49
23:58:25,50
23:58:30,51
23:58:35,53
23:58:50,53
